name,space,r,g,b,hex
Chromatic-Dorval-CH2-0001_GRIS_FUSAIN,RGB,227,229,225,#E3E5E1
Chromatic-Dorval-CH2-0002-GRIS-HANOI,RGB,225,229,223,#E1E5DF
Chromatic-Dorval-CH2-0003-GRIS-JAKARTA,RGB,221,225,219,#DDE1DB
Chromatic-Dorval-CH2-0004-GRIS-LUSAKA,RGB,217,221,217,#D9DDD9
Chromatic-Dorval-CH2-0005-GRIS-CETUS,RGB,207,207,203,#CFCFCB
Chromatic-Dorval-CH2-0006-GRIS-APUS,RGB,217,219,219,#D9DBDB
Chromatic-Dorval-CH2-0007-GRIS-PLOMB,RGB,209,211,209,#D1D3D1
Chromatic-Dorval-CH2-0008-GRIS-HYDRA,RGB,209,209,207,#D1D1CF
Chromatic-Dorval-CH2-0009-GRIS-MARCASSITE,RGB,211,215,209,#D3D7D1
Chromatic-Dorval-CH2-0010-GRIS-METEORITE,RGB,203,205,197,#CBCDC5
Chromatic-Dorval-CH2-0011-GRIS-SEOUL,RGB,225,227,227,#E1E3E3
Chromatic-Dorval-CH2-0012-GRIS-MENSA,RGB,223,223,221,#DFDFDD
Chromatic-Dorval-CH2-0013-GRIS-RADIUM,RGB,219,219,217,#DBDBD9
Chromatic-Dorval-CH2-0014-GRIS-ABUJA,RGB,211,211,209,#D3D3D1
Chromatic-Dorval-CH2-0015-GRIS-BOGOTA,RGB,211,215,215,#D3D7D7
Chromatic-Dorval-CH2-0016-GRIS-PICTOR,RGB,225,227,221,#E1E3DD
Chromatic-Dorval-CH2-0017-GRIS-SCORPION,RGB,225,225,217,#E1E1D9
Chromatic-Dorval-CH2-0018-GRIS-MIRANDA,RGB,221,221,215,#DDDDD7
Chromatic-Dorval-CH2-0019-GRIS-DOHA,RGB,235,239,235,#EBEFEB
Chromatic-Dorval-CH2-0020-GRIS-NICOSIE,RGB,223,215,201,#DFD7C9
Chromatic-Dorval-CH2-0021-BLANC-BRUNNI,RGB,233,237,235,#E9EDEB
Chromatic-Dorval-CH2-0022-BLANC-CHAMPOUSSIN,RGB,235,237,231,#EBEDE7
Chromatic-Dorval-CH2-0023-BLANC-CHAMPAGNY,RGB,227,227,217,#E3E3D9
Chromatic-Dorval-CH2-0024-GRIS-TOURS,RGB,225,223,213,#E1DFD5
Chromatic-Dorval-CH2-0025-GRIS-VIENNE,RGB,217,209,197,#D9D1C5
Chromatic-Dorval-CH2-0026-BLANC-LUCHON,RGB,241,241,235,#F1F1EB
Chromatic-Dorval-CH2-0027-BLANC-VERBIER,RGB,249,245,235,#F9F5EB
Chromatic-Dorval-CH2-0028-BLANC-ISOLA,RGB,239,241,235,#EFF1EB
Chromatic-Dorval-CH2-0029-BLANC-CHALMAZEL,RGB,243,243,233,#F3F3E9
Chromatic-Dorval-CH2-0030-BLANC-ABONDANCE,RGB,243,241,225,#F3F1E1
Chromatic-Dorval-CH2-0031-BLANC-ASPEN,RGB,245,245,235,#F5F5EB
Chromatic-Dorval-CH2-0032-BLANC-ARCALIS,RGB,237,239,235,#EDEFEB
Chromatic-Dorval-CH2-0033-BLANC-COURMAYER,RGB,239,237,229,#EFEDE5
Chromatic-Dorval-CH2-0034-BLANC-AVERS,RGB,235,231,223,#EBE7DF
Chromatic-Dorval-CH2-0035-BLANC-ORDINO,RGB,233,235,223,#E9EBDF
Chromatic-Dorval-CH2-0036-ROSE-ACHILEE,RGB,237,235,231,#EDEBE7
Chromatic-Dorval-CH2-0037-BLANC-AROLLA,RGB,249,251,251,#F9FBFB
Chromatic-Dorval-CH2-0038-BEIGE-TERREUX,RGB,237,231,221,#EDE7DD
Chromatic-Dorval-CH2-0039-BLANC-VILLAROGER,RGB,239,233,221,#EFE9DD
Chromatic-Dorval-CH2-0040-BLANC-ARCS,RGB,235,227,215,#EBE3D7
Chromatic-Dorval-CH2-0041-BLANC-VERCORIN,RGB,245,251,253,#F5FBFD
Chromatic-Dorval-CH2-0042-BLANC-FIESCH,RGB,229,227,225,#E5E3E1
Chromatic-Dorval-CH2-0043-BEIGE-KAMBA,RGB,235,235,231,#EBEBE7
Chromatic-Dorval-CH2-0044-MAUVE-JASIONE,RGB,227,221,221,#E3DDDD
Chromatic-Dorval-CH2-0045-MAUVE-GLYCINE,RGB,227,221,227,#E3DDE3
Chromatic-Dorval-CH2-0046-BLANC-LENK,RGB,247,251,251,#F7FBFB
Chromatic-Dorval-CH2-0047-BLANC-MOLESON,RGB,237,233,237,#EDE9ED
Chromatic-Dorval-CH2-0048-BLANC-THYON,RGB,241,235,237,#F1EBED
Chromatic-Dorval-CH2-0049-ROSE-CARALINE,RGB,237,223,227,#EDDFE3
Chromatic-Dorval-CH2-0050-ROSE-ASTRAGALE,RGB,235,219,219,#EBDBDB
Chromatic-Dorval-CH2-0051-BLANC-NEUDAZ,RGB,245,241,237,#F5F1ED
Chromatic-Dorval-CH2-0052-BLANC-DAVOS,RGB,249,251,245,#F9FBF5
Chromatic-Dorval-CH2-0053-ROSE-SUELTA,RGB,237,225,221,#EDE1DD
Chromatic-Dorval-CH2-0054-ROSE-AMANCAY,RGB,237,225,221,#EDE1DD
Chromatic-Dorval-CH2-0055-ROSE-FARANDOLE,RGB,243,227,227,#F3E3E3
Chromatic-Dorval-CH2-0056-BLANC-BALME,RGB,235,229,221,#EBE5DD
Chromatic-Dorval-CH2-0057-ROSE-GREMIL,RGB,237,231,223,#EDE7DF
Chromatic-Dorval-CH2-0058-ROSE-ARUM,RGB,243,233,227,#F3E9E3
Chromatic-Dorval-CH2-0059-ROSE-CALYPSO,RGB,233,219,205,#E9DBCD
Chromatic-Dorval-CH2-0060-ROSE-SEGA,RGB,227,215,203,#E3D7CB
Chromatic-Dorval-CH2-0061-BLANC-MODANE,RGB,223,219,203,#DFDBCB
Chromatic-Dorval-CH2-0062-BEIGE-DOGON,RGB,225,219,201,#E1DBC9
Chromatic-Dorval-CH2-0063-BEIGE-BAYAKA,RGB,239,233,209,#EFE9D1
Chromatic-Dorval-CH2-0064-BEIGE-SILT,RGB,217,207,183,#D9CFB7
Chromatic-Dorval-CH2-0065-BEIGE-BALALI,RGB,219,199,171,#DBC7AB
Chromatic-Dorval-CH2-0066-BLANC-JOUGNE,RGB,231,233,221,#E7E9DD
Chromatic-Dorval-CH2-0067-BLANC-LA-ROSIERE,RGB,225,219,199,#E1DBC7
Chromatic-Dorval-CH2-0068-BEIGE-DRAA,RGB,223,217,191,#DFD9BF
Chromatic-Dorval-CH2-0069-BLANC-SAINT-GERVAIS,RGB,217,215,197,#D9D7C5
Chromatic-Dorval-CH2-0070-BEIGE-MANDINGUE,RGB,217,203,181,#D9CBB5
Chromatic-Dorval-CH2-0071-BLANC-AULI,RGB,237,231,217,#EDE7D9
Chromatic-Dorval-CH2-0072-BLANC-FORMAZZA,RGB,237,227,209,#EDE3D1
Chromatic-Dorval-CH2-0073-BEIGE-MICA,RGB,223,219,199,#DFDBC7
Chromatic-Dorval-CH2-0074-VERT-MARANTA,RGB,225,215,189,#E1D7BD
Chromatic-Dorval-CH2-0075-BEIGE-APPOLO,RGB,217,207,187,#D9CFBB
Chromatic-Dorval-CH2-0076-JAUNE-FRAGONARD,RGB,241,241,219,#F1F1DB
Chromatic-Dorval-CH2-0077-BLANC-AVORIAZ,RGB,243,237,213,#F3EDD5
Chromatic-Dorval-CH2-0078-JAUNE-SEURAT,RGB,239,235,213,#EFEBD5
Chromatic-Dorval-CH2-0079-JAUNE-MOREAU,RGB,243,239,213,#F3EFD5
Chromatic-Dorval-CH2-0080-JAUNE-UTRILLO,RGB,243,237,203,#F3EDCB
Chromatic-Dorval-CH2-0081-BLANC-ANZERE,RGB,249,251,239,#F9FBEF
Chromatic-Dorval-CH2-0082-BEIGE-ECRU,RGB,247,243,227,#F7F3E3
Chromatic-Dorval-CH2-0083-BLANC-CROSET,RGB,241,237,217,#F1EDD9
Chromatic-Dorval-CH2-0084-BLANC-VENTRON,RGB,241,235,213,#F1EBD5
Chromatic-Dorval-CH2-0085-BLANC-AVRON,RGB,239,231,207,#EFE7CF
Chromatic-Dorval-CH2-0086-BLANC-TORGON,RGB,249,249,241,#F9F9F1
Chromatic-Dorval-CH2-0087-BLANC-ALBERTVILLE,RGB,241,241,227,#F1F1E3
Chromatic-Dorval-CH2-0088-BLANC-ARGENTIERE,RGB,241,237,219,#F1EDDB
Chromatic-Dorval-CH2-0089-BLANC-GOURETTE,RGB,241,235,215,#F1EBD7
Chromatic-Dorval-CH2-0090-BLANC-COCHES,RGB,239,233,215,#EFE9D7
Chromatic-Dorval-CH2-0091-BLANC-SAMOENS,RGB,239,235,221,#EFEBDD
Chromatic-Dorval-CH2-0092-BLANC-MORZINE,RGB,237,233,219,#EDE9DB
Chromatic-Dorval-CH2-0093-BLANC-VARS,RGB,237,235,223,#EDEBDF
Chromatic-Dorval-CH2-0094-BLANC-SAINT-VERAN,RGB,235,233,221,#EBE9DD
Chromatic-Dorval-CH2-0095-BLANC-PRALOUP,RGB,247,245,233,#F7F5E9
Chromatic-Dorval-CH2-0096-BLANC-MORGINS,RGB,241,237,225,#F1EDE1
Chromatic-Dorval-CH2-0097-BLANC-METABIEF,RGB,237,233,219,#EDE9DB
Chromatic-Dorval-CH2-0098-BLANC-ARAVIS,RGB,249,247,233,#F9F7E9
Chromatic-Dorval-CH2-0099-BLANC-MORILLON,RGB,237,229,211,#EDE5D3
Chromatic-Dorval-CH2-0100-BEIGE-PYRAMIDE,RGB,235,225,205,#EBE1CD
Chromatic-Dorval-CH2-0101-BLANC-MERIBEL,RGB,233,227,213,#E9E3D5
Chromatic-Dorval-CH2-0102-BLANC-CASSE,RGB,229,225,213,#E5E1D5
Chromatic-Dorval-CH2-0103-BEIGE-LUNAIRE,RGB,229,225,211,#E5E1D3
Chromatic-Dorval-CH2-0104-BLANC-TIGNES,RGB,231,225,209,#E7E1D1
Chromatic-Dorval-CH2-0105-BLANC-PRALI,RGB,229,215,197,#E5D7C5
Chromatic-Dorval-CH2-0106-BLANC-LAPONIE,RGB,233,227,207,#E9E3CF
Chromatic-Dorval-CH2-0107-BLANC-COURCHEVEL,RGB,231,223,203,#E7DFCB
Chromatic-Dorval-CH2-0108-BLANC-VALLOIRE,RGB,231,221,201,#E7DDC9
Chromatic-Dorval-CH2-0109-BEIGE-MOBA,RGB,227,211,183,#E3D3B7
Chromatic-Dorval-CH2-0110-BEIGE-BONGO,RGB,205,185,161,#CDB9A1
Chromatic-Dorval-CH2-0111-BLANC-CERVINIA,RGB,249,245,221,#F9F5DD
Chromatic-Dorval-CH2-0112-BEIGE-CERUSITE,RGB,243,235,207,#F3EBCF
Chromatic-Dorval-CH2-0113-BLANC-CHATEL,RGB,243,229,199,#F3E5C7
Chromatic-Dorval-CH2-0114-BEIGE-ARO,RGB,231,213,181,#E7D5B5
Chromatic-Dorval-CH2-0115-BEIGE-JURASSIQUE,RGB,227,215,189,#E3D7BD
Chromatic-Dorval-CH2-0116-BLANC-FLAINE,RGB,241,231,209,#F1E7D1
Chromatic-Dorval-CH2-0117-BLANC-CONTAMINE,RGB,241,229,205,#F1E5CD
Chromatic-Dorval-CH2-0118-BLANC-VAL-THORENS,RGB,241,227,201,#F1E3C9
Chromatic-Dorval-CH2-0119-BLANC-PRALOGNAN,RGB,231,213,181,#E7D5B5
Chromatic-Dorval-CH2-0120-BEIGE-VIORNETIN,RGB,215,197,163,#D7C5A3
Chromatic-Dorval-CH2-0121-BLANC-KLOSTER,RGB,241,231,209,#F1E7D1
Chromatic-Dorval-CH2-0122-BLANC-MEGEVE,RGB,243,233,207,#F3E9CF
Chromatic-Dorval-CH2-0123-BEIGE-MARKA,RGB,249,237,201,#F9EDC9
Chromatic-Dorval-CH2-0124-BEIGE-POIX,RGB,241,229,199,#F1E5C7
Chromatic-Dorval-CH2-0125-IVOIRE-MACAO,RGB,241,223,189,#F1DFBD
Chromatic-Dorval-CH2-0126-BEIGE-AGATE,RGB,243,233,211,#F3E9D3
Chromatic-Dorval-CH2-0127-JAUNE-VERONESE,RGB,249,237,209,#F9EDD1
Chromatic-Dorval-CH2-0128-BLANC-ANARPURNA,RGB,241,225,195,#F1E1C3
Chromatic-Dorval-CH2-0129-BLANC-ACONCAGUA,RGB,241,225,191,#F1E1BF
Chromatic-Dorval-CH2-0130-IVOIRE-KARACHI,RGB,235,221,191,#EBDDBF
Chromatic-Dorval-CH2-0131-JAUNE-PIETRO,RGB,249,233,203,#F9E9CB
Chromatic-Dorval-CH2-0132-BEIGE-OBSIDIENNE,RGB,249,233,205,#F9E9CD
Chromatic-Dorval-CH2-0133-JAUNE-ROSLIN,RGB,249,227,187,#F9E3BB
Chromatic-Dorval-CH2-0134-CREME-SOLOGNE,RGB,241,213,175,#F1D5AF
Chromatic-Dorval-CH2-0135-JAUNE-BONNARD,RGB,243,213,161,#F3D5A1
Chromatic-Dorval-CH2-0136-BLANC-CARROZ,RGB,239,227,203,#EFE3CB
Chromatic-Dorval-CH2-0137-BEIGE-SHARI,RGB,233,213,181,#E9D5B5
Chromatic-Dorval-CH2-0138-JAUNE-DORE,RGB,241,213,175,#F1D5AF
Chromatic-Dorval-CH2-0139-JAUNE-TOGO,RGB,237,209,161,#EDD1A1
Chromatic-Dorval-CH2-0140-OCRE-CAMPANIE,RGB,235,199,155,#EBC79B
Chromatic-Dorval-CH2-0141-BEIGE-CALCAIRE,RGB,243,229,213,#F3E5D5
Chromatic-Dorval-CH2-0142-BEIGE-ARGILE,RGB,231,217,195,#E7D9C3
Chromatic-Dorval-CH2-0143-BEIGE-ARKOSE,RGB,237,209,179,#EDD1B3
Chromatic-Dorval-CH2-0144-BEIGE-ARIZE,RGB,237,205,171,#EDCDAB
Chromatic-Dorval-CH2-0145-OCRE-TIBESTI,RGB,227,199,163,#E3C7A3
Chromatic-Dorval-CH2-0146-BEIGE-ROCHE,RGB,237,223,205,#EDDFCD
Chromatic-Dorval-CH2-0147-BEIGE-SABLE,RGB,245,229,209,#F5E5D1
Chromatic-Dorval-CH2-0148-BEIGE-CHAUX,RGB,237,217,191,#EDD9BF
Chromatic-Dorval-CH2-0149-BLANC-CHAMROUSSE,RGB,235,219,189,#EBDBBD
Chromatic-Dorval-CH2-0150-BEIGE-LITHOGRAPHIQUE,RGB,231,211,185,#E7D3B9
Chromatic-Dorval-CH2-0151-BEIGE-CARRIERE,RGB,243,231,211,#F3E7D3
Chromatic-Dorval-CH2-0152-BEIGE-PIERRE,RGB,241,227,203,#F1E3CB
Chromatic-Dorval-CH2-0153-BLANC-MONT-GENEVRE,RGB,235,219,195,#EBDBC3
Chromatic-Dorval-CH2-0154-BLANC-ZERMATT,RGB,247,235,211,#F7EBD3
Chromatic-Dorval-CH2-0155-BEIGE-DUNE,RGB,239,219,193,#EFDBC1
Chromatic-Dorval-CH2-0156-BEIGE-DIKES,RGB,239,229,209,#EFE5D1
Chromatic-Dorval-CH2-0157-ROSE-CORONILLE,RGB,237,221,203,#EDDDCB
Chromatic-Dorval-CH2-0158-BEIGE-SCHISTE,RGB,245,223,195,#F5DFC3
Chromatic-Dorval-CH2-0159-BEIGE-TRILOBITE,RGB,243,225,197,#F3E1C5
Chromatic-Dorval-CH2-0160-BEIGE-GRANIT,RGB,237,221,193,#EDDDC1
Chromatic-Dorval-CH2-0161-BEIGE-AKEM,RGB,229,205,179,#E5CDB3
Chromatic-Dorval-CH2-0162-BEIGE-BROCATELLE,RGB,225,207,185,#E1CFB9
Chromatic-Dorval-CH2-0163-BEIGE-CRAIE,RGB,219,205,187,#DBCDBB
Chromatic-Dorval-CH2-0164-BEIGE-SAHEL,RGB,217,199,177,#D9C7B1
Chromatic-Dorval-CH2-0165-BEIGE-QUARTZ,RGB,209,195,177,#D1C3B1
Chromatic-Dorval-CH2-0166-ROSE-PETALE,RGB,245,229,213,#F5E5D5
Chromatic-Dorval-CH2-0167-BEIGE-CASSONNADE,RGB,247,231,213,#F7E7D5
Chromatic-Dorval-CH2-0168-BEIGE-POUDRE,RGB,223,207,189,#DFCFBD
Chromatic-Dorval-CH2-0169-BEIGE-GALET,RGB,219,201,181,#DBC9B5
Chromatic-Dorval-CH2-0170-BEIGE-GABBROS,RGB,221,205,179,#DDCDB3
Chromatic-Dorval-CH2-0171-BEIGE-MASSAI,RGB,243,229,215,#F3E5D7
Chromatic-Dorval-CH2-0172-BEIGE-AMERU,RGB,245,225,205,#F5E1CD
Chromatic-Dorval-CH2-0173-BEIGE-BAGAS,RGB,247,219,201,#F7DBC9
Chromatic-Dorval-CH2-0174-BEIGE-BAKELE,RGB,245,209,185,#F5D1B9
Chromatic-Dorval-CH2-0175-BEIGE-CIPOLIN,RGB,241,213,183,#F1D5B7
Chromatic-Dorval-CH2-0176-ROSE-BALISIER,RGB,241,215,193,#F1D7C1
Chromatic-Dorval-CH2-0177-BEIGE-PETRA,RGB,247,219,187,#F7DBBB
Chromatic-Dorval-CH2-0178-BEIGE-SARLAT,RGB,241,207,181,#F1CFB5
Chromatic-Dorval-CH2-0179-OCRE-SARAHOUI,RGB,223,181,151,#DFB597
Chromatic-Dorval-CH2-0180-GOLD-MANOSQUE,RGB,211,173,147,#D3AD93
Chromatic-Dorval-CH2-0181-ROSE-BALADI,RGB,245,219,203,#F5DBCB
Chromatic-Dorval-CH2-0182-BEIGE-HEMA,RGB,245,221,197,#F5DDC5
Chromatic-Dorval-CH2-0183-BEIGE-EDO,RGB,241,223,203,#F1DFCB
Chromatic-Dorval-CH2-0184-OCRE-KARAKOUM,RGB,225,191,163,#E1BFA3
Chromatic-Dorval-CH2-0185-GOLD-TOUAREG,RGB,227,187,159,#E3BB9F
Chromatic-Dorval-CH2-0186-ROSE-SCILLE,RGB,243,219,205,#F3DBCD
Chromatic-Dorval-CH2-0187-ROSE-BOOGIE,RGB,249,223,205,#F9DFCD
Chromatic-Dorval-CH2-0188-ROSE-CELOSIE,RGB,239,201,185,#EFC9B9
Chromatic-Dorval-CH2-0189-ROSE-GOTA,RGB,247,211,191,#F7D3BF
Chromatic-Dorval-CH2-0190-ROSE-JERK,RGB,235,181,163,#EBB5A3
Chromatic-Dorval-CH2-0191-ROSE-ZUMBA,RGB,233,219,207,#E9DBCF
Chromatic-Dorval-CH2-0192-ROSE-FORRO,RGB,231,209,199,#E7D1C7
Chromatic-Dorval-CH2-0193-ROSE-FORLANE,RGB,217,201,197,#D9C9C5
Chromatic-Dorval-CH2-0194-BEIGE-RUNGU,RGB,219,199,189,#DBC7BD
Chromatic-Dorval-CH2-0195-BEIGE-BAUXITE,RGB,219,195,185,#DBC3B9
Chromatic-Dorval-CH2-0196-BEIGE-MAKURIA,RGB,237,229,219,#EDE5DB
Chromatic-Dorval-CH2-0197-ROSE-ARROCHE,RGB,243,235,223,#F3EBDF
Chromatic-Dorval-CH2-0198-ROSE-GERMAUDREE,RGB,235,225,215,#EBE1D7
Chromatic-Dorval-CH2-0199-BEIGE-CRISTAL,RGB,217,203,191,#D9CBBF
Chromatic-Dorval-CH2-0200-BEIGE-STATUE,RGB,201,177,163,#C9B1A3
Chromatic-Dorval-CH2-0201-ROSE-QUADRILLE,RGB,241,221,219,#F1DDDB
Chromatic-Dorval-CH2-0202-ROSE-RONDEAU,RGB,241,215,207,#F1D7CF
Chromatic-Dorval-CH2-0203-ROSE-BALLERINE,RGB,237,219,215,#EDDBD7
Chromatic-Dorval-CH2-0204-ROSE-VOLUBILIS,RGB,229,205,197,#E5CDC5
Chromatic-Dorval-CH2-0205-BEIGE-MINERAL,RGB,227,205,193,#E3CDC1
Chromatic-Dorval-CH2-0206-ROSE-CERISIER,RGB,245,217,215,#F5D9D7
Chromatic-Dorval-CH2-0207-ROSE-LONGOSE,RGB,253,225,229,#FDE1E5
Chromatic-Dorval-CH2-0208-ROSE-TARENTELLE,RGB,245,207,209,#F5CFD1
Chromatic-Dorval-CH2-0209-ROSE-PRIMEROSE,RGB,239,203,203,#EFCBCB
Chromatic-Dorval-CH2-0210-ROSE-JAVA,RGB,243,197,199,#F3C5C7
Chromatic-Dorval-CH2-0211-ROSE-ORCHIDEE,RGB,245,207,203,#F5CFCB
Chromatic-Dorval-CH2-0212-ROSE-GIROFLEE,RGB,241,203,207,#F1CBCF
Chromatic-Dorval-CH2-0213-ROSE-MATRICAIRE,RGB,241,191,197,#F1BFC5
Chromatic-Dorval-CH2-0214-ROSE-RHODODENDRON,RGB,245,191,193,#F5BFC1
Chromatic-Dorval-CH2-0215-ROSE-SLOW,RGB,233,177,177,#E9B1B1
Chromatic-Dorval-CH2-0216-ROSE-MORESQUE,RGB,237,197,197,#EDC5C5
Chromatic-Dorval-CH2-0217-ROSE-TREMIERE,RGB,245,205,203,#F5CDCB
Chromatic-Dorval-CH2-0218-ROSE-JABADAO,RGB,225,187,183,#E1BBB7
Chromatic-Dorval-CH2-0219-ROSE-REGGAETON,RGB,207,163,159,#CFA39F
Chromatic-Dorval-CH2-0220-ROSE-JAZZ,RGB,215,157,153,#D79D99
Chromatic-Dorval-CH2-0221-ROSE-TAMBOURIN,RGB,225,203,199,#E1CBC7
Chromatic-Dorval-CH2-0222-ROSE-LAMBADA,RGB,239,219,219,#EFDBDB
Chromatic-Dorval-CH2-0223-ROSE-LISERON,RGB,239,191,199,#EFBFC7
Chromatic-Dorval-CH2-0224-ROSE-LIMBO,RGB,229,191,197,#E5BFC5
Chromatic-Dorval-CH2-0225-ROSE-CLARKIA,RGB,213,177,183,#D5B1B7
Chromatic-Dorval-CH2-0226-ROSE-LUDWIGIA,RGB,245,211,215,#F5D3D7
Chromatic-Dorval-CH2-0227-ROSE-BUTO,RGB,247,203,219,#F7CBDB
Chromatic-Dorval-CH2-0228-ROSE-CAPOEIRA,RGB,237,171,187,#EDABBB
Chromatic-Dorval-CH2-0229-ROSE-TIMBA,RGB,231,169,189,#E7A9BD
Chromatic-Dorval-CH2-0230-ROSE-TOUPIE,RGB,215,159,173,#D79FAD
Chromatic-Dorval-CH2-0231-ROSE-MYRTUS,RGB,229,205,215,#E5CDD7
Chromatic-Dorval-CH2-0232-ROSE-NANGAILLE,RGB,227,185,205,#E3B9CD
Chromatic-Dorval-CH2-0233-ROSE-LOURE,RGB,209,171,203,#D1ABCB
Chromatic-Dorval-CH2-0234-FLEUR-DE-VIOLETTE,RGB,193,177,191,#C1B1BF
Chromatic-Dorval-CH2-0235-ROSE-CAMELIA,RGB,195,163,177,#C3A3B1
Chromatic-Dorval-CH2-0236-VIOLET-RAISIN,RGB,219,209,217,#DBD1D9
Chromatic-Dorval-CH2-0237-MAUVE-CASOAR.psd,RGB,221,213,231,#DDD5E7
Chromatic-Dorval-CH2-0238-MAUVE-CHILIA,RGB,217,209,235,#D9D1EB
Chromatic-Dorval-CH2-0239-MAUVE-PERRUCHE,RGB,209,201,217,#D1C9D9
Chromatic-Dorval-CH2-0240-MAUVE-COUROL,RGB,201,189,225,#C9BDE1
Chromatic-Dorval-CH2-0241-MAUVE-MESANGE,RGB,225,225,233,#E1E1E9
Chromatic-Dorval-CH2-0242-MAUVE-ONORE,RGB,221,219,231,#DDDBE7
Chromatic-Dorval-CH2-0243-MAUVE-ARABETTE,RGB,215,215,227,#D7D7E3
Chromatic-Dorval-CH2-0244-VIOLET-PRUNE,RGB,215,205,219,#D7CDDB
Chromatic-Dorval-CH2-0245-VIOLET-CARDINAL,RGB,217,215,237,#D9D7ED
Chromatic-Dorval-CH2-0246-MAUVE-JACANA,RGB,221,213,223,#DDD5DF
Chromatic-Dorval-CH2-0247-MAUVE-FREGATE,RGB,227,223,235,#E3DFEB
Chromatic-Dorval-CH2-0248-MAUVE-CORMORAN,RGB,191,181,191,#BFB5BF
Chromatic-Dorval-CH2-0249-MAUVE-MOINEAU,RGB,181,167,177,#B5A7B1
Chromatic-Dorval-CH2-0250-MAUVE-COMMELINA,RGB,171,161,169,#ABA1A9
Chromatic-Dorval-CH2-0251-MAUVE-COLIOU,RGB,201,193,213,#C9C1D5
Chromatic-Dorval-CH2-0252-VIOLET-BERGAMOTTE,RGB,193,187,209,#C1BBD1
Chromatic-Dorval-CH2-0253-VIOLET-MYRTILLE,RGB,183,169,191,#B7A9BF
Chromatic-Dorval-CH2-0254-VIOLET-CASSIS,RGB,165,149,167,#A595A7
Chromatic-Dorval-CH2-0255-VIOLET-ALOUETTE,RGB,149,137,145,#958991
Chromatic-Dorval-CH2-0256-BLEU-DORDOGNE,RGB,187,203,221,#BBCBDD
Chromatic-Dorval-CH2-0257-BLEU-BACAN,RGB,185,207,235,#B9CFEB
Chromatic-Dorval-CH2-0258-BLEU-LAVANDE,RGB,153,181,223,#99B5DF
Chromatic-Dorval-CH2-0259-BLEU-BURU,RGB,153,181,223,#99B5DF
Chromatic-Dorval-CH2-0260-MAUVE-ASTRILD,RGB,171,185,217,#ABB9D9
Chromatic-Dorval-CH2-0261-MAUVE-NIELLES,RGB,215,219,223,#D7DBDF
Chromatic-Dorval-CH2-0262-MAUVE-CABOSSE,RGB,211,215,223,#D3D7DF
Chromatic-Dorval-CH2-0263-GRIS-HORLOGE,RGB,207,211,217,#CFD3D9
Chromatic-Dorval-CH2-0264-MAUVE-GARCINIE,RGB,197,203,217,#C5CBD9
Chromatic-Dorval-CH2-0265-GRIS-NANTES,RGB,189,187,195,#BDBBC3
Chromatic-Dorval-CH2-0266-BLEU-ELBA,RGB,203,215,231,#CBD7E7
Chromatic-Dorval-CH2-0267-BLEU-TOMINI,RGB,195,209,221,#C3D1DD
Chromatic-Dorval-CH2-0268-BLEU-LINOSA,RGB,175,191,209,#AFBFD1
Chromatic-Dorval-CH2-0269-BLEU-LAMPEDUSA,RGB,149,163,179,#95A3B3
Chromatic-Dorval-CH2-0270-BLEU-TAUPO,RGB,139,153,169,#8B99A9
Chromatic-Dorval-CH2-0271-GRIS-PLUTON,RGB,207,213,215,#CFD5D7
Chromatic-Dorval-CH2-0272-GRIS-LOUP,RGB,181,191,201,#B5BFC9
Chromatic-Dorval-CH2-0273-GRIS-URANUS,RGB,175,187,193,#AFBBC1
Chromatic-Dorval-CH2-0274-BLEU-STROMBOLI,RGB,161,173,183,#A1ADB7
Chromatic-Dorval-CH2-0275-BLEU-TAHOE,RGB,149,163,173,#95A3AD
Chromatic-Dorval-CH2-0276-BLEU-MARAONE,RGB,195,209,221,#C3D1DD
Chromatic-Dorval-CH2-0277-BLEU-CHAMBON,RGB,177,207,219,#B1CFDB
Chromatic-Dorval-CH2-0278-BLEU-AUTIER,RGB,153,181,197,#99B5C5
Chromatic-Dorval-CH2-0279-BLEU-GANGE,RGB,141,161,171,#8DA1AB
Chromatic-Dorval-CH2-0280-BLEU-TANGANY,RGB,127,151,167,#7F97A7
Chromatic-Dorval-CH2-0281-BLEU-SPORADES,RGB,201,233,245,#C9E9F5
Chromatic-Dorval-CH2-0282-BLEU-HOURTIN,RGB,167,205,215,#A7CDD7
Chromatic-Dorval-CH2-0283-BLEU-ARIAKE,RGB,157,191,197,#9DBFC5
Chromatic-Dorval-CH2-0284-BLEU-CUPCAKE,RGB,169,189,193,#A9BDC1
Chromatic-Dorval-CH2-0285-BLEU-VERSA,RGB,145,173,179,#91ADB3
Chromatic-Dorval-CH2-0286-BLEU-DOZEN,RGB,213,237,243,#D5EDF3
Chromatic-Dorval-CH2-0287-BLEU-WALES,RGB,201,219,229,#C9DBE5
Chromatic-Dorval-CH2-0288-BLEU-NAKANO,RGB,189,217,223,#BDD9DF
Chromatic-Dorval-CH2-0289-BLEU-POYANG,RGB,183,207,221,#B7CFDD
Chromatic-Dorval-CH2-0290-BLEU-CHIBURI,RGB,165,203,219,#A5CBDB
Chromatic-Dorval-CH2-0291-BLEU-AWA,RGB,227,231,233,#E3E7E9
Chromatic-Dorval-CH2-0292-BLEU-KO,RGB,225,241,247,#E1F1F7
Chromatic-Dorval-CH2-0293-BLEU-NIOLON,RGB,213,229,237,#D5E5ED
Chromatic-Dorval-CH2-0294-BLEU-MI,RGB,207,229,241,#CFE5F1
Chromatic-Dorval-CH2-0295-BLEU-OKI,RGB,189,215,231,#BDD7E7
Chromatic-Dorval-CH2-0296-BLEU-ERDRE,RGB,233,237,235,#E9EDEB
Chromatic-Dorval-CH2-0297-BLEU-DEVENSON,RGB,225,239,243,#E1EFF3
Chromatic-Dorval-CH2-0298-BLEU-FLORA,RGB,219,225,225,#DBE1E1
Chromatic-Dorval-CH2-0299-BLEU-ELTON,RGB,209,225,227,#D1E1E3
Chromatic-Dorval-CH2-0300-BLEU-SEE,RGB,199,217,221,#C7D9DD
Chromatic-Dorval-CH2-0301-BLEU-REBUN,RGB,223,231,227,#DFE7E3
Chromatic-Dorval-CH2-0302-BLEU-PIANA,RGB,221,235,239,#DDEBEF
Chromatic-Dorval-CH2-0303-VERT-PIRON,RGB,221,233,233,#DDE9E9
Chromatic-Dorval-CH2-0304-BLEU-MORGIOU,RGB,215,231,239,#D7E7EF
Chromatic-Dorval-CH2-0305-BLEU-SORGIOU,RGB,213,233,243,#D5E9F3
Chromatic-Dorval-CH2-0306-BLEU-FEROE,RGB,219,229,223,#DBE5DF
Chromatic-Dorval-CH2-0307-VERT-COPSE,RGB,201,227,223,#C9E3DF
Chromatic-Dorval-CH2-0308-VERT-IROKO,RGB,203,227,223,#CBE3DF
Chromatic-Dorval-CH2-0309-VERT-MYRTHE,RGB,201,221,217,#C9DDD9
Chromatic-Dorval-CH2-0310-VERT-AZARA,RGB,205,241,245,#CDF1F5
Chromatic-Dorval-CH2-0311-BLEU-ARC,RGB,209,227,225,#D1E3E1
Chromatic-Dorval-CH2-0312-BLEU-PRUNELLI,RGB,183,215,217,#B7D7D9
Chromatic-Dorval-CH2-0313-BLEU-AMAKUSA,RGB,191,235,243,#BFEBF3
Chromatic-Dorval-CH2-0314-BLEU-OSUMI,RGB,175,231,245,#AFE7F5
Chromatic-Dorval-CH2-0315-BLEU-BAHAMAS,RGB,133,193,211,#85C1D3
Chromatic-Dorval-CH2-0316-BLEU-CANAVERAL,RGB,189,223,225,#BDDFE1
Chromatic-Dorval-CH2-0317-VERT-GYPSOPHILE,RGB,179,225,219,#B3E1DB
Chromatic-Dorval-CH2-0318-BLEU-ROSS,RGB,153,215,217,#99D7D9
Chromatic-Dorval-CH2-0319-VERT-ANDALE,RGB,155,207,209,#9BCFD1
Chromatic-Dorval-CH2-0320-VERT-CABIN,RGB,133,185,185,#85B9B9
Chromatic-Dorval-CH2-0321-VERT-MIDO,RGB,217,239,235,#D9EFEB
Chromatic-Dorval-CH2-0322-VERT-DISPLAY,RGB,173,191,187,#ADBFBB
Chromatic-Dorval-CH2-0323-VERT-BENGUIAT,RGB,161,193,187,#A1C1BB
Chromatic-Dorval-CH2-0324-BLEU-ODET,RGB,139,163,157,#8BA39D
Chromatic-Dorval-CH2-0325-BLEU-IMPERIAL,RGB,112,153,153,#709999
Chromatic-Dorval-CH2-0326-VERT-GOTHIC,RGB,215,219,219,#D7DBDB
Chromatic-Dorval-CH2-0327-GRIS-EDIMBOURG,RGB,195,197,191,#C3C5BF
Chromatic-Dorval-CH2-0328-VERT-PALATINO,RGB,191,205,193,#BFCDC1
Chromatic-Dorval-CH2-0329-VERT-BELL,RGB,189,207,195,#BDCFC3
Chromatic-Dorval-CH2-0330-VERT-OPUNTIA,RGB,181,197,191,#B5C5BF
Chromatic-Dorval-CH2-0331-VERT-SERPOLET,RGB,223,231,223,#DFE7DF
Chromatic-Dorval-CH2-0332-VERT-SARIETTE,RGB,213,231,225,#D5E7E1
Chromatic-Dorval-CH2-0333-VERT-MIBUNA,RGB,195,227,217,#C3E3D9
Chromatic-Dorval-CH2-0334-VERT-TCHITOLA,RGB,187,207,195,#BBCFC3
Chromatic-Dorval-CH2-0335-VERT-ALCEA,RGB,167,209,199,#A7D1C7
Chromatic-Dorval-CH2-0336-VERT-ALIBOUFIER,RGB,235,239,231,#EBEFE7
Chromatic-Dorval-CH2-0337-VERT-NENUPHAR,RGB,233,239,221,#E9EFDD
Chromatic-Dorval-CH2-0338-VERT-MELISSE,RGB,221,237,221,#DDEDDD
Chromatic-Dorval-CH2-0339-VERT-ANIS,RGB,217,235,219,#D9EBDB
Chromatic-Dorval-CH2-0340-VERT-EPICEA,RGB,211,233,215,#D3E9D7
Chromatic-Dorval-CH2-0341-VERT-FRUTIGER,RGB,233,235,225,#E9EBE1
Chromatic-Dorval-CH2-0342-VERT-SCRIPT,RGB,237,245,225,#EDF5E1
Chromatic-Dorval-CH2-0343-VERT-CLARENDON,RGB,241,251,233,#F1FBE9
Chromatic-Dorval-CH2-0344-VERT-CAMBRIA,RGB,239,251,207,#EFFBCF
Chromatic-Dorval-CH2-0345-VERT-CASLON,RGB,231,249,211,#E7F9D3
Chromatic-Dorval-CH2-0346-GRIS-TUCANA,RGB,235,237,221,#EBEDDD
Chromatic-Dorval-CH2-0347-VERT-ABSINTHE,RGB,219,221,197,#DBDDC5
Chromatic-Dorval-CH2-0348-VERT-SERIF,RGB,227,225,197,#E3E1C5
Chromatic-Dorval-CH2-0349-BEIGE-GRENAILLE,RGB,213,209,187,#D5D1BB
Chromatic-Dorval-CH2-0350-VERT-LAURIER,RGB,211,209,183,#D3D1B7
Chromatic-Dorval-CH2-0351-VERT-ALPISTE,RGB,241,245,227,#F1F5E3
Chromatic-Dorval-CH2-0352-VERT-MENTHE,RGB,229,235,203,#E5EBCB
Chromatic-Dorval-CH2-0353-VERT-CERFEUIL,RGB,227,235,189,#E3EBBD
Chromatic-Dorval-CH2-0354-VERT-HEVEA,RGB,221,233,179,#DDE9B3
Chromatic-Dorval-CH2-0355-VERT-CHARCOAL,RGB,211,217,167,#D3D9A7
Chromatic-Dorval-CH2-0356-VERT-OZIGO,RGB,237,239,205,#EDEFCD
Chromatic-Dorval-CH2-0357-VERT-BETE,RGB,235,239,199,#EBEFC7
Chromatic-Dorval-CH2-0358-JAUNE-KHALO,RGB,249,241,161,#F9F1A1
Chromatic-Dorval-CH2-0359-JAUNE-LARSSON,RGB,249,237,155,#F9ED9B
Chromatic-Dorval-CH2-0360-JAUNE-SCHEFFER,RGB,249,241,137,#F9F189
Chromatic-Dorval-CH2-0361-JAUNE-MUNCH,RGB,251,245,217,#FBF5D9
Chromatic-Dorval-CH2-0362-JAUNE-STAEL,RGB,241,241,207,#F1F1CF
Chromatic-Dorval-CH2-0363-JAUNE-AGUELI,RGB,249,243,207,#F9F3CF
Chromatic-Dorval-CH2-0364-JAUNE-MONET,RGB,245,233,189,#F5E9BD
Chromatic-Dorval-CH2-0365-JAUNE-BONNIER,RGB,243,233,187,#F3E9BB
Chromatic-Dorval-CH2-0366-JAUNE-MONDRIAN,RGB,243,241,213,#F3F1D5
Chromatic-Dorval-CH2-0367-JAUNE-ANCHER,RGB,249,247,203,#F9F7CB
Chromatic-Dorval-CH2-0368-JAUNE-BOMBAY,RGB,239,235,179,#EFEBB3
Chromatic-Dorval-CH2-0369-JAUNE-TUXEN,RGB,249,239,169,#F9EFA9
Chromatic-Dorval-CH2-0370-JAUNE-VIVIEN,RGB,231,211,143,#E7D38F
Chromatic-Dorval-CH2-0371-JAUNE-TRACHEL,RGB,251,233,167,#FBE9A7
Chromatic-Dorval-CH2-0372-JAUNE-LATOUR,RGB,251,229,151,#FBE597
Chromatic-Dorval-CH2-0373-JAUNE-LE-LORRAIN,RGB,249,225,131,#F9E183
Chromatic-Dorval-CH2-0375-JAUNE-SANZIO,RGB,231,195,117,#E7C375
Chromatic-Dorval-CH2-0376-JAUNE-ROUAULT,RGB,245,233,193,#F5E9C1
Chromatic-Dorval-CH2-0377-JAUNE-BRAQUE,RGB,245,233,179,#F5E9B3
Chromatic-Dorval-CH2-0378-JAUNE-GOTTMAN,RGB,249,231,159,#F9E79F
Chromatic-Dorval-CH2-0379-JAUNE-DüRER,RGB,243,227,155,#F3E39B
Chromatic-Dorval-CH2-0380-JAUNE-CEZANNE,RGB,251,223,141,#FBDF8D
Chromatic-Dorval-CH2-0381-JAUNE-VUILLARD,RGB,243,229,187,#F3E5BB
Chromatic-Dorval-CH2-0382-JAUNE-MEMLING,RGB,243,227,189,#F3E3BD
Chromatic-Dorval-CH2-0383-JAUNE-AUBER,RGB,245,225,181,#F5E1B5
Chromatic-Dorval-CH2-0384-JAUNE-TURNER,RGB,247,227,173,#F7E3AD
Chromatic-Dorval-CH2-0385-JAUNE-CHAGALL,RGB,245,207,147,#F5CF93
Chromatic-Dorval-CH2-0386-JAUNE-RENOIR,RGB,239,221,181,#EFDDB5
Chromatic-Dorval-CH2-0387-BEIGE-GRAVILLON,RGB,233,219,187,#E9DBBB
Chromatic-Dorval-CH2-0388-BEIGE-TASS,RGB,227,211,177,#E3D3B1
Chromatic-Dorval-CH2-0389-BEIGE-MINE,RGB,223,203,161,#DFCBA1
Chromatic-Dorval-CH2-0390-BEIGE-ENYA,RGB,237,205,165,#EDCDA5
Chromatic-Dorval-CH2-0391-JAUNE-VAN-DONGEN,RGB,243,217,157,#F3D99D
Chromatic-Dorval-CH2-0392-JAUNE-ROUSSEAU,RGB,249,221,147,#F9DD93
Chromatic-Dorval-CH2-0393-JAUNE-INGRES,RGB,247,221,149,#F7DD95
Chromatic-Dorval-CH2-0394-JAUNE-SISLEY,RGB,251,215,129,#FBD781
Chromatic-Dorval-CH2-0395-JAUNE-HOLBEIN,RGB,241,201,119,#F1C977
Chromatic-Dorval-CH2-0396-JAUNE-KLIMT,RGB,253,207,131,#FDCF83
Chromatic-Dorval-CH2-0397-JAUNE-MAES,RGB,253,199,113,#FDC771
Chromatic-Dorval-CH2-0398-JAUNE-DELAUNAY,RGB,249,193,90,#F9C15A
Chromatic-Dorval-CH2-0399-JAUNE-GUARDI,RGB,239,181,97,#EFB561
Chromatic-Dorval-CH2-0400-JAUNE-MORET,RGB,231,171,73,#E7AB49
Chromatic-Dorval-CH2-0401-JAUNE-DUFY,RGB,249,211,145,#F9D391
Chromatic-Dorval-CH2-0402-JAUNE-DELHI,RGB,251,203,131,#FBCB83
Chromatic-Dorval-CH2-0403-JAUNE-LAUTREC,RGB,245,195,121,#F5C379
Chromatic-Dorval-CH2-0404-JAUNE-CAPPELEN,RGB,233,171,98,#E9AB62
Chromatic-Dorval-CH2-0405-JAUNE-BENSA,RGB,223,167,104,#DFA768
Chromatic-Dorval-CH2-0406-OCRE-GUADELOUPE,RGB,239,187,120,#EFBB78
Chromatic-Dorval-CH2-0407-OCRE-VICTORIA,RGB,217,175,117,#D9AF75
Chromatic-Dorval-CH2-0408-OCRE-ROCHEUSE,RGB,207,161,108,#CFA16C
Chromatic-Dorval-CH2-0409-OCRE-DANAKIL,RGB,175,133,90,#AF855A
Chromatic-Dorval-CH2-0410-JAUNE-VALLAURIS,RGB,179,129,68,#B38144
Chromatic-Dorval-CH2-0411-ORANGE-SOCA,RGB,241,187,137,#F1BB89
Chromatic-Dorval-CH2-0412-OCRE-CHARENTE.psd,RGB,233,185,129,#E9B981
Chromatic-Dorval-CH2-0413-GOLD-RAVENNE,RGB,215,167,125,#D7A77D
Chromatic-Dorval-CH2-0414-OCRE-NAMIBIE,RGB,219,161,110,#DBA16E
Chromatic-Dorval-CH2-0415-OCRE-AOSTE,RGB,161,110,58,#A16E3A
Chromatic-Dorval-CH2-0416-ORANGE-BAROQUE,RGB,249,189,119,#F9BD77
Chromatic-Dorval-CH2-0417-JAUNE-BOUCHEZ,RGB,251,193,139,#FBC18B
Chromatic-Dorval-CH2-0418-ORANGE-AKENE,RGB,251,175,124,#FBAF7C
Chromatic-Dorval-CH2-0419-ORANGE-CARYOPSE,RGB,249,171,106,#F9AB6A
Chromatic-Dorval-CH2-0420-ORANGE-CHARLESTON,RGB,243,161,89,#F3A159
Chromatic-Dorval-CH2-0421-ORANGE-GRIND.psd,RGB,231,163,126,#E7A37E
Chromatic-Dorval-CH2-0422-ORANGE-COMPTINE,RGB,227,163,127,#E3A37F
Chromatic-Dorval-CH2-0423-ORANGE-CABARET,RGB,209,141,99,#D18D63
Chromatic-Dorval-CH2-0424-ORANGE-JAVANAISE,RGB,215,133,87,#D78557
Chromatic-Dorval-CH2-0425-ORANGE-LOUANGE,RGB,203,129,91,#CB815B
Chromatic-Dorval-CH2-0426-OCRE-MOJAVE,RGB,225,187,165,#E1BBA5
Chromatic-Dorval-CH2-0427-OCRE-TOZEUR,RGB,215,169,143,#D7A98F
Chromatic-Dorval-CH2-0428-OCRE-SONORA,RGB,207,153,125,#CF997D
Chromatic-Dorval-CH2-0429-OCRE-WADI,RGB,189,137,117,#BD8975
Chromatic-Dorval-CH2-0430-OCRE-JUDEE,RGB,177,131,108,#B1836C
Chromatic-Dorval-CH2-0431-OCRE-GUYANE,RGB,227,181,163,#E3B5A3
Chromatic-Dorval-CH2-0432-GOLD-LIMOUSIN,RGB,225,165,133,#E1A585
Chromatic-Dorval-CH2-0433-ROSE-ASTER,RGB,215,157,125,#D79D7D
Chromatic-Dorval-CH2-0434-OCRE-ABRUZZES,RGB,209,153,115,#D19973
Chromatic-Dorval-CH2-0435-OCRE-BLEDOW,RGB,193,141,113,#C18D71
Chromatic-Dorval-CH2-0436-OCRE-BARDENAS,RGB,237,173,145,#EDAD91
Chromatic-Dorval-CH2-0437-GOLD-ARIEGE,RGB,225,155,126,#E19B7E
Chromatic-Dorval-CH2-0438-OCRE-TERNET.psd,RGB,209,143,120,#D18F78
Chromatic-Dorval-CH2-0439-OCRE-NUBIE,RGB,201,133,111,#C9856F
Chromatic-Dorval-CH2-0440-OCRE-TANAMI,RGB,191,123,112,#BF7B70
Chromatic-Dorval-CH2-0441-ROSE-BOLERO,RGB,249,191,177,#F9BFB1
Chromatic-Dorval-CH2-0442-ROSE-CORETE,RGB,225,157,141,#E19D8D
Chromatic-Dorval-CH2-0443-ROSE-CAMPANULE,RGB,217,145,125,#D9917D
Chromatic-Dorval-CH2-0444-ROSE-FAHAM,RGB,195,129,115,#C38173
Chromatic-Dorval-CH2-0445-ROSE-MERENGUE,RGB,181,121,109,#B5796D
Chromatic-Dorval-CH2-0446-ROSE-BALBOA,RGB,231,153,155,#E7999B
Chromatic-Dorval-CH2-0447-ROSE-BEBOP,RGB,227,137,141,#E3898D
Chromatic-Dorval-CH2-0448-ROSE-AMARYLIS,RGB,175,101,103,#AF6567
Chromatic-Dorval-CH2-0449-ROSE-ORPHRYS.psd,RGB,173,93,92,#AD5D5C
Chromatic-Dorval-CH2-0450-ROSE-PHLOMIS,RGB,143,79,80,#8F4F50
Chromatic-Dorval-CH2-0451-ROSE-CACHUCHA,RGB,245,143,137,#F58F89
Chromatic-Dorval-CH2-0452-ROSE-CAROLE,RGB,229,108,108,#E56C6C
Chromatic-Dorval-CH2-0453-ROSE-TULIPE,RGB,225,101,109,#E1656D
Chromatic-Dorval-CH2-0454-ROUGE-FLEURY,RGB,207,80,89,#CF5059
Chromatic-Dorval-CH2-0455-ROUGE-AMARONE,RGB,187,64,72,#BB4048
Chromatic-Dorval-CH2-0456-ROSE-GERANIUM,RGB,213,77,83,#D54D53
Chromatic-Dorval-CH2-0457-ROUGE-VOUGEOT,RGB,209,64,73,#D14049
Chromatic-Dorval-CH2-0458-ROUGE-SAUVIGNON,RGB,189,66,65,#BD4241
Chromatic-Dorval-CH2-0459-ROUGE-SAINT-VERAN,RGB,187,71,73,#BB4749
Chromatic-Dorval-CH2-0460-ROUGE-SEMILLON,RGB,173,52,63,#AD343F
Chromatic-Dorval-CH2-0461-ROUGE-SAINT-AMOUR,RGB,201,66,65,#C94241
Chromatic-Dorval-CH2-0462-ROUGE-SANCERRE,RGB,201,64,63,#C9403F
Chromatic-Dorval-CH2-0463-ROUGE-PARIS,RGB,201,52,54,#C93436
Chromatic-Dorval-CH2-0464-ROUGE-BUZET,RGB,183,57,55,#B73937
Chromatic-Dorval-CH2-0465-ROUGE-MUSCAT,RGB,167,59,54,#A73B36
Chromatic-Dorval-CH2-0466-ORANGE-SANGUINE,RGB,217,86,62,#D9563E
Chromatic-Dorval-CH2-0467-ORANGE-TOLEDE,RGB,209,75,55,#D14B37
Chromatic-Dorval-CH2-0468-ORANGE-KUMQUAT,RGB,205,71,56,#CD4738
Chromatic-Dorval-CH2-0469-ROUGE-ASTI,RGB,193,70,57,#C14639
Chromatic-Dorval-CH2-0470-ROUGE-LAFITE,RGB,147,62,57,#933E39
Chromatic-Dorval-CH2-0471-ROUGE-BANDOLE,RGB,233,127,104,#E97F68
Chromatic-Dorval-CH2-0472-ROUGE-TARIQUET,RGB,223,99,81,#DF6351
Chromatic-Dorval-CH2-0473-ROUGE-PROSECCO,RGB,209,72,69,#D14845
Chromatic-Dorval-CH2-0474-ROUGE-POMMARD,RGB,199,67,69,#C74345
Chromatic-Dorval-CH2-0475-ROUGE-COTE,RGB,159,55,48,#9F3730
Chromatic-Dorval-CH2-0476-ROUGE-TRICASTIN,RGB,167,61,58,#A73D3A
Chromatic-Dorval-CH2-0477-ROUGE-MEDOC,RGB,165,62,60,#A53E3C
Chromatic-Dorval-CH2-0478-ROUGE-POUILLY,RGB,165,52,56,#A53438
Chromatic-Dorval-CH2-0479-ROUGE-SAINT-EMILION,RGB,165,50,60,#A5323C
Chromatic-Dorval-CH2-0480-ROUGE-CHINON,RGB,159,49,60,#9F313C
Chromatic-Dorval-CH2-0481-ROUGE-FAUGERE,RGB,165,74,77,#A54A4D
Chromatic-Dorval-CH2-0482-ROUGE-PATRIMONIO,RGB,155,72,77,#9B484D
Chromatic-Dorval-CH2-0483-ROUGE-CHARDONNAY,RGB,171,55,75,#AB374B
Chromatic-Dorval-CH2-0484-ROUGE-MUSIGNY,RGB,129,53,53,#813535
Chromatic-Dorval-CH2-0485-ROUGE-PALETTE,RGB,101,50,49,#653231
Chromatic-Dorval-CH2-0486-ROSE-VIRA,RGB,235,141,155,#EB8D9B
Chromatic-Dorval-CH2-0487-ROSE-HIBISCUS,RGB,207,126,135,#CF7E87
Chromatic-Dorval-CH2-0488-ROSE-SAMBA,RGB,209,118,131,#D17683
Chromatic-Dorval-CH2-0489-ROSE-PALMYRE,RGB,205,95,116,#CD5F74
Chromatic-Dorval-CH2-0490-ROSE-LYCHNIS,RGB,181,65,86,#B54156
Chromatic-Dorval-CH2-0491-ROSE-CRANK,RGB,205,100,119,#CD6477
Chromatic-Dorval-CH2-0492-ROSE-TROIKA,RGB,191,79,101,#BF4F65
Chromatic-Dorval-CH2-0493-ROSE-RUMBA,RGB,197,76,101,#C54C65
Chromatic-Dorval-CH2-0494-ROSE-COTILLON,RGB,195,80,111,#C3506F
Chromatic-Dorval-CH2-0495-ROSE-CARIOCA,RGB,171,71,97,#AB4761
Chromatic-Dorval-CH2-0496-ROSE-CHAHUT,RGB,215,133,151,#D78597
Chromatic-Dorval-CH2-0497-ROSE-CLAQUETTE,RGB,201,127,139,#C97F8B
Chromatic-Dorval-CH2-0498-ROSE-MADISON,RGB,193,108,121,#C16C79
Chromatic-Dorval-CH2-0499-ROSE-SARRASIN,RGB,191,87,109,#BF576D
Chromatic-Dorval-CH2-0500-ROUGE-CHINURI,RGB,145,69,78,#91454E
Chromatic-Dorval-CH2-0501-ROUGE-CERON,RGB,143,70,82,#8F4652
Chromatic-Dorval-CH2-0502-ROUGE-SANTAREM,RGB,135,58,72,#873A48
Chromatic-Dorval-CH2-0503-ROUGE-VAROSA,RGB,114,64,80,#724050
Chromatic-Dorval-CH2-0504-ROUGE-VASILAKI,RGB,94,64,74,#5E404A
Chromatic-Dorval-CH2-0505-ROUGE-MALAGA,RGB,94,57,61,#5E393D
Chromatic-Dorval-CH2-0506-ROSE-CINTO,RGB,167,126,135,#A77E87
Chromatic-Dorval-CH2-0507-ROSE-FOXTROT,RGB,161,112,124,#A1707C
Chromatic-Dorval-CH2-0508-ROSE-HAKA,RGB,149,94,101,#955E65
Chromatic-Dorval-CH2-0509-ROSE-HORA,RGB,141,95,104,#8D5F68
Chromatic-Dorval-CH2-0510-ROSE-MAZURKA,RGB,139,76,88,#8B4C58
Chromatic-Dorval-CH2-0511-ROSE-SAINT-PAULIA,RGB,167,111,127,#A76F7F
Chromatic-Dorval-CH2-0512-ROSE-RENONCULE,RGB,159,93,111,#9F5D6F
Chromatic-Dorval-CH2-0513-ROSE-GAVOTTE,RGB,110,84,97,#6E5461
Chromatic-Dorval-CH2-0514-VIOLET-FAISAN,RGB,104,80,92,#68505C
Chromatic-Dorval-CH2-0515-VIOLET-ALBATROS,RGB,74,64,69,#4A4045
Chromatic-Dorval-CH2-0516-ROSE-SAXIFRAGE,RGB,131,80,96,#835060
Chromatic-Dorval-CH2-0517-ROSE-STELLAIRE,RGB,199,86,133,#C75685
Chromatic-Dorval-CH2-0518-ROSE-GIGUE,RGB,187,84,121,#BB5479
Chromatic-Dorval-CH2-0519-ROSE-JOTA,RGB,175,74,106,#AF4A6A
Chromatic-Dorval-CH2-0520-ROSE-LANTANIER,RGB,159,63,100,#9F3F64
Chromatic-Dorval-CH2-0521-ROSE-MACUMBA,RGB,201,96,137,#C96089
Chromatic-Dorval-CH2-0522-ROSE-PAVANE,RGB,197,84,120,#C55478
Chromatic-Dorval-CH2-0523-ROSE-REDOWA,RGB,185,73,110,#B9496E
Chromatic-Dorval-CH2-0524-ROSE-BAMBA,RGB,163,59,95,#A33B5F
Chromatic-Dorval-CH2-0525-ROSE-DAPHNE,RGB,155,78,110,#9B4E6E
Chromatic-Dorval-CH2-0526-ROSE-LYCOPODE,RGB,193,97,157,#C1619D
Chromatic-Dorval-CH2-0527-ROSE-LAVATERE,RGB,193,83,139,#C1538B
Chromatic-Dorval-CH2-0528-ROSE-JIVE,RGB,177,72,125,#B1487D
Chromatic-Dorval-CH2-0529-ROSE-EPAZOTE,RGB,141,73,106,#8D496A
Chromatic-Dorval-CH2-0530-VIOLET-BOUVREUIL,RGB,109,70,89,#6D4659
Chromatic-Dorval-CH2-0531-ROSE-TAMATIA,RGB,213,135,181,#D587B5
Chromatic-Dorval-CH2-0532-ROSE-PHALENGERE,RGB,183,105,155,#B7699B
Chromatic-Dorval-CH2-0533-ROSE-MONARDE,RGB,179,90,147,#B35A93
Chromatic-Dorval-CH2-0534-ROSE-VALSE,RGB,147,74,115,#934A73
Chromatic-Dorval-CH2-0535-ROSE-GUARANA,RGB,143,62,108,#8F3E6C
Chromatic-Dorval-CH2-0536-MAUVE-CHLORELLE,RGB,171,126,155,#AB7E9B
Chromatic-Dorval-CH2-0537-VIOLET-CHASSELAS,RGB,151,104,139,#97688B
Chromatic-Dorval-CH2-0538-VIOLET-PIMPRENELLE,RGB,117,83,109,#75536D
Chromatic-Dorval-CH2-0539-VIOLET-CARIAMA,RGB,103,70,94,#67465E
Chromatic-Dorval-CH2-0540-VIOLET-GUIMAUVE,RGB,112,67,99,#704363
Chromatic-Dorval-CH2-0541-VIOLET-GOELAND,RGB,169,165,173,#A9A5AD
Chromatic-Dorval-CH2-0542-VIOLET-FAUCON,RGB,135,131,139,#87838B
Chromatic-Dorval-CH2-0543-VIOLET-ETOURNEAU,RGB,118,116,127,#76747F
Chromatic-Dorval-CH2-0544-VIOLET-ECHASSE,RGB,110,107,119,#6E6B77
Chromatic-Dorval-CH2-0545-VIOLET-DUC,RGB,87,83,91,#57535B
Chromatic-Dorval-CH2-0546-MAUVE-CAREX,RGB,197,187,197,#C5BBC5
Chromatic-Dorval-CH2-0547-GRIS-LYRE,RGB,171,159,177,#AB9FB1
Chromatic-Dorval-CH2-0548-GRIS-INDUS,RGB,133,125,141,#857D8D
Chromatic-Dorval-CH2-0549-VIOLET-URUBU,RGB,108,111,135,#6C6F87
Chromatic-Dorval-CH2-0550-GRIS-CROIX-DU-SUD,RGB,109,100,116,#6D6474
Chromatic-Dorval-CH2-0551-MAUVE-COURLIS,RGB,117,105,125,#75697D
Chromatic-Dorval-CH2-0552-VIOLET-LONGANE,RGB,113,87,111,#71576F
Chromatic-Dorval-CH2-0553-VIOLET-HELIPTERUM,RGB,95,69,92,#5F455C
Chromatic-Dorval-CH2-0554-VIOLET-CAROUBE,RGB,79,65,83,#4F4153
Chromatic-Dorval-CH2-0555-BLEU-TUREIA,RGB,62,57,72,#3E3948
Chromatic-Dorval-CH2-0556-VIOLET-ADA,RGB,153,117,173,#9975AD
Chromatic-Dorval-CH2-0557-VIOLET-MONARQUE,RGB,155,119,177,#9B77B1
Chromatic-Dorval-CH2-0558-VIOLET-VIGNE,RGB,135,81,139,#87518B
Chromatic-Dorval-CH2-0559-VIOLET-HOCCO,RGB,123,85,139,#7B558B
Chromatic-Dorval-CH2-0560-VIOLET-ROSELIN,RGB,99,74,117,#634A75
Chromatic-Dorval-CH2-0561-MAUVE-BATARA,RGB,193,173,213,#C1ADD5
Chromatic-Dorval-CH2-0562-VIOLET-AMADINE,RGB,169,145,193,#A991C1
Chromatic-Dorval-CH2-0563-VIOLET-HIRONDELLE,RGB,149,117,171,#9575AB
Chromatic-Dorval-CH2-0564-VIOLET-MORIO,RGB,115,94,135,#735E87
Chromatic-Dorval-CH2-0565-VIOLET-TACCO,RGB,95,67,105,#5F4369
Chromatic-Dorval-CH2-0566-MAUVE-ORTOLAN,RGB,159,157,203,#9F9DCB
Chromatic-Dorval-CH2-0567-VIOLET-GRIOTTE,RGB,155,139,189,#9B8BBD
Chromatic-Dorval-CH2-0568-VIOLET-COLOMBINE,RGB,124,117,183,#7C75B7
Chromatic-Dorval-CH2-0569-VIOLET-BOLDO,RGB,94,73,129,#5E4981
Chromatic-Dorval-CH2-0570-VIOLET-IRENE,RGB,93,83,126,#5D537E
Chromatic-Dorval-CH2-0571-VIOLET-GELINOTTE,RGB,159,157,203,#9F9DCB
Chromatic-Dorval-CH2-0572-VIOLET-PARADIS,RGB,131,145,201,#8391C9
Chromatic-Dorval-CH2-0573-VIOLET-DAMIER,RGB,127,133,171,#7F85AB
Chromatic-Dorval-CH2-0574-VIOLET-TETEMA,RGB,116,126,185,#747EB9
Chromatic-Dorval-CH2-0575-VIOLET-ERIONE,RGB,117,116,159,#75749F
Chromatic-Dorval-CH2-0576-MAUVE-BENGALI,RGB,147,157,185,#939DB9
Chromatic-Dorval-CH2-0577-MAUVE-BERNACHE,RGB,141,141,175,#8D8DAF
Chromatic-Dorval-CH2-0578-MAUVE-GEAI,RGB,120,118,155,#78769B
Chromatic-Dorval-CH2-0579-MAUVE-COLOMBE,RGB,100,95,133,#645F85
Chromatic-Dorval-CH2-0580-VIOLET-GRUE,RGB,75,86,126,#4B567E
Chromatic-Dorval-CH2-0581-BLEU-OLONA,RGB,95,101,149,#5F6595
Chromatic-Dorval-CH2-0582-BLEU-INDIGO,RGB,91,95,153,#5B5F99
Chromatic-Dorval-CH2-0583-BLEU-SARDAIGNE,RGB,81,89,155,#51599B
Chromatic-Dorval-CH2-0584-BLEU-KERAMA,RGB,53,73,133,#354985
Chromatic-Dorval-CH2-0585-BLEU-ROSELLE,RGB,71,74,120,#474A78
Chromatic-Dorval-CH2-0586-VIOLET-SIRLI,RGB,109,100,153,#6D6499
Chromatic-Dorval-CH2-0587-VIOLET-TINAMOU,RGB,76,81,141,#4C518D
Chromatic-Dorval-CH2-0588-VIOLET-ELENIE,RGB,61,70,109,#3D466D
Chromatic-Dorval-CH2-0589-VIOLET-TOURACO,RGB,70,63,102,#463F66
Chromatic-Dorval-CH2-0590-VIOLET-AIGRETTE,RGB,61,66,91,#3D425B
Chromatic-Dorval-CH2-0591-VIOLET-ROITELET,RGB,86,90,121,#565A79
Chromatic-Dorval-CH2-0592-BLEU-SORONG,RGB,65,78,105,#414E69
Chromatic-Dorval-CH2-0593-BLEU-AMAMI,RGB,62,70,99,#3E4663
Chromatic-Dorval-CH2-0594-BLEU-DE-FOXE,RGB,58,60,84,#3A3C54
Chromatic-Dorval-CH2-0595-BLEU-CORINTHE,RGB,59,62,73,#3B3E49
Chromatic-Dorval-CH2-0596-BLEU-BRACCIANO,RGB,122,129,155,#7A819B
Chromatic-Dorval-CH2-0597-BLEU-TANA,RGB,100,106,135,#646A87
Chromatic-Dorval-CH2-0598-BLEU-HIVA,RGB,78,93,117,#4E5D75
Chromatic-Dorval-CH2-0599-BLEU-MARINE,RGB,56,76,99,#384C63
Chromatic-Dorval-CH2-0600-BLEU-MITIARO,RGB,61,71,90,#3D475A
Chromatic-Dorval-CH2-0601-BLEU-TIDONE,RGB,149,171,197,#95ABC5
Chromatic-Dorval-CH2-0602-BLEU-LINCOLN,RGB,113,143,173,#718FAD
Chromatic-Dorval-CH2-0603-BLEU-CHISOLA,RGB,93,106,141,#5D6A8D
Chromatic-Dorval-CH2-0604-BLEU-FIDJI,RGB,54,68,103,#364467
Chromatic-Dorval-CH2-0605-BLEU-ROTALDO,RGB,56,67,91,#38435B
Chromatic-Dorval-CH2-0606-BLEU-NIVA,RGB,181,193,217,#B5C1D9
Chromatic-Dorval-CH2-0607-BLEU-ADDA,RGB,173,181,205,#ADB5CD
Chromatic-Dorval-CH2-0608-BLEU-VICTORIA,RGB,145,161,189,#91A1BD
Chromatic-Dorval-CH2-0609-BLEU-TEURI,RGB,137,161,197,#89A1C5
Chromatic-Dorval-CH2-0610-BLEU-PODESTAT,RGB,153,155,173,#999BAD
Chromatic-Dorval-CH2-0611-BLEU-ANTIGUA,RGB,183,201,221,#B7C9DD
Chromatic-Dorval-CH2-0612-BLEU-MINCIO,RGB,143,171,207,#8FABCF
Chromatic-Dorval-CH2-0613-BLEU-TEZA,RGB,109,137,183,#6D89B7
Chromatic-Dorval-CH2-0614-BLEU-BORNEO,RGB,81,119,167,#5177A7
Chromatic-Dorval-CH2-0615-BLEU-LUZIEN,RGB,56,71,89,#384759
Chromatic-Dorval-CH2-0616-BLEU-COCOA,RGB,149,175,213,#95AFD5
Chromatic-Dorval-CH2-0617-BLEU-IOS,RGB,106,149,205,#6A95CD
Chromatic-Dorval-CH2-0618-BLEU-MALTE,RGB,100,139,199,#648BC7
Chromatic-Dorval-CH2-0619-BLEU-SCRIVIA,RGB,59,129,181,#3B81B5
Chromatic-Dorval-CH2-0620-BLEU-TOM,RGB,65,112,169,#4170A9
Chromatic-Dorval-CH2-0621-BLEU-TINOS,RGB,62,108,163,#3E6CA3
Chromatic-Dorval-CH2-0622-BLEU-SIRNA,RGB,75,110,165,#4B6EA5
Chromatic-Dorval-CH2-0623-BLEU-KIVU,RGB,71,102,149,#476695
Chromatic-Dorval-CH2-0624-BLEU-MARACAIBO,RGB,64,97,151,#406197
Chromatic-Dorval-CH2-0625-BLEU-GALA,RGB,56,94,133,#385E85
Chromatic-Dorval-CH2-0626-BLEU-AMOUR,RGB,63,93,117,#3F5D75
Chromatic-Dorval-CH2-0627-BLEU-CELAC,RGB,50,89,122,#32597A
Chromatic-Dorval-CH2-0628-BLEU-TOURA,RGB,64,86,108,#40566C
Chromatic-Dorval-CH2-0629-BLEU-HAO,RGB,55,67,92,#37435C
Chromatic-Dorval-CH2-0630-BLEU-APATAKI,RGB,53,60,74,#353C4A
Chromatic-Dorval-CH2-0631-BLEU-BALTIQUE,RGB,110,131,153,#6E8399
Chromatic-Dorval-CH2-0632-BLEU-RAPA,RGB,97,124,151,#617C97
Chromatic-Dorval-CH2-0633-BLEU-SERAM,RGB,69,103,129,#456781
Chromatic-Dorval-CH2-0634-BLEU-VERNOIS,RGB,45,82,109,#2D526D
Chromatic-Dorval-CH2-0635-BLEU-DE-BERING,RGB,57,81,106,#39516A
Chromatic-Dorval-CH2-0636-BLEU-COOK,RGB,110,143,171,#6E8FAB
Chromatic-Dorval-CH2-0637-BLEU-ADOUR,RGB,92,133,171,#5C85AB
Chromatic-Dorval-CH2-0638-BLEU-GARONNE,RGB,70,113,151,#467197
Chromatic-Dorval-CH2-0639-BLEU-WETAR,RGB,52,106,141,#346A8D
Chromatic-Dorval-CH2-0640-BLEU-MINGAN,RGB,46,101,141,#2E658D
Chromatic-Dorval-CH2-0641-BLEU-MIDOUZE,RGB,0,127,181,#007FB5
Chromatic-Dorval-CH2-0642-BLEU-KHANKA,RGB,26,114,169,#1A72A9
Chromatic-Dorval-CH2-0643-BLEU-MAIRA,RGB,0,104,145,#006891
Chromatic-Dorval-CH2-0644-BLEU-AMORGOS,RGB,47,106,155,#2F6A9B
Chromatic-Dorval-CH2-0645-BLEU-DE-KOSSOU,RGB,0,97,159,#00619F
Chromatic-Dorval-CH2-0646-BLEU-MOOREA,RGB,108,157,179,#6C9DB3
Chromatic-Dorval-CH2-0647-BLEU-LAFFREY,RGB,63,109,135,#3F6D87
Chromatic-Dorval-CH2-0648-BLEU-CANACARI,RGB,43,97,129,#2B6181
Chromatic-Dorval-CH2-0649-BLEU-ATTU,RGB,39,93,119,#275D77
Chromatic-Dorval-CH2-0650-BLEU-NIPISSING,RGB,26,88,118,#1A5876
Chromatic-Dorval-CH2-0651-BLEU-MOLOGA,RGB,60,143,175,#3C8FAF
Chromatic-Dorval-CH2-0652-BLEU-LOVAT,RGB,12,127,155,#0C7F9B
Chromatic-Dorval-CH2-0653-BLEU-ACHEN,RGB,51,115,147,#337393
Chromatic-Dorval-CH2-0654-BLEU-SOK,RGB,41,105,135,#296987
Chromatic-Dorval-CH2-0655-BLEU-MADURA,RGB,85,116,131,#557483
Chromatic-Dorval-CH2-0656-BLEU-ISEO,RGB,61,159,195,#3D9FC3
Chromatic-Dorval-CH2-0657-BLEU-CELEBES,RGB,0,149,195,#0095C3
Chromatic-Dorval-CH2-0658-BLEU-DE-FURMA,RGB,48,135,179,#3087B3
Chromatic-Dorval-CH2-0659-BLEU-MARUTEA,RGB,34,123,173,#227BAD
Chromatic-Dorval-CH2-0660-BLEU-AMALFI,RGB,0,115,165,#0073A5
Chromatic-Dorval-CH2-0661-BLEU-GAVI,RGB,151,201,233,#97C9E9
Chromatic-Dorval-CH2-0662-BLEU-OKINO,RGB,145,185,211,#91B9D3
Chromatic-Dorval-CH2-0663-BLEU-GOTO,RGB,155,199,235,#9BC7EB
Chromatic-Dorval-CH2-0664-BLEU-IKI,RGB,151,203,237,#97CBED
Chromatic-Dorval-CH2-0665-BLEU-UGI,RGB,127,177,211,#7FB1D3
Chromatic-Dorval-CH2-0666-BLEU-ABITIBI,RGB,185,207,223,#B9CFDF
Chromatic-Dorval-CH2-0667-BLEU-ROYA,RGB,179,211,231,#B3D3E7
Chromatic-Dorval-CH2-0668-BLEU-ALENE,RGB,155,187,213,#9BBBD5
Chromatic-Dorval-CH2-0669-BLEU-VALUA,RGB,131,165,195,#83A5C3
Chromatic-Dorval-CH2-0670-BLEU-LEVANZO,RGB,116,151,177,#7497B1
Chromatic-Dorval-CH2-0671-BLEU-PONZA,RGB,191,223,241,#BFDFF1
Chromatic-Dorval-CH2-0672-BLEU-ARLET,RGB,179,205,225,#B3CDE1
Chromatic-Dorval-CH2-0673-BLEU-AIGUEBELLE,RGB,163,195,219,#A3C3DB
Chromatic-Dorval-CH2-0674-BLEU-HIRADO,RGB,157,201,225,#9DC9E1
Chromatic-Dorval-CH2-0675-BLEU-JALLES,RGB,133,177,199,#85B1C7
Chromatic-Dorval-CH2-0676-BLEU-MALONE,RGB,131,185,203,#83B9CB
Chromatic-Dorval-CH2-0677-BLEU-PRESPA,RGB,123,177,191,#7BB1BF
Chromatic-Dorval-CH2-0678-BLEU-MILFORD,RGB,84,179,205,#54B3CD
Chromatic-Dorval-CH2-0679-BLEU-LACANAU,RGB,46,147,171,#2E93AB
Chromatic-Dorval-CH2-0680-BLEU-NITSA,RGB,4,135,165,#0487A5
Chromatic-Dorval-CH2-0681-BLEU-ALOR,RGB,107,145,159,#6B919F
Chromatic-Dorval-CH2-0682-BLEU-JAMBI,RGB,77,119,131,#4D7783
Chromatic-Dorval-CH2-0683-BLEU-COMORES,RGB,61,101,116,#3D6574
Chromatic-Dorval-CH2-0684-BLEU-SEYCHELLES,RGB,52,87,103,#345767
Chromatic-Dorval-CH2-0685-BLEU-MAYOTTE,RGB,52,69,76,#34454C
Chromatic-Dorval-CH2-0686-BLEU-BANGKA,RGB,36,99,119,#246377
Chromatic-Dorval-CH2-0687-BLEU-JAVA,RGB,19,95,110,#135F6E
Chromatic-Dorval-CH2-0688-BLEU-PAPEETE,RGB,37,90,95,#255A5F
Chromatic-Dorval-CH2-0689-BLEU-BANTEN,RGB,41,79,84,#294F54
Chromatic-Dorval-CH2-0690-BLEU-MAUPITI,RGB,57,79,90,#394F5A
Chromatic-Dorval-CH2-0691-VERT-SISTES,RGB,50,127,127,#327F7F
Chromatic-Dorval-CH2-0692-BLEU-PARMA,RGB,34,121,127,#22797F
Chromatic-Dorval-CH2-0693-BLEU-POP,RGB,37,120,125,#25787D
Chromatic-Dorval-CH2-0694-BLEU-AINHOA,RGB,39,98,112,#276270
Chromatic-Dorval-CH2-0695-BLEU-HERS,RGB,49,95,106,#315F6A
Chromatic-Dorval-CH2-0696-BLEU-MANSEL,RGB,116,191,197,#74BFC5
Chromatic-Dorval-CH2-0697-BLEU-SANGIR,RGB,103,183,199,#67B7C7
Chromatic-Dorval-CH2-0698-BLEU-SERIBU,RGB,81,183,205,#51B7CD
Chromatic-Dorval-CH2-0699-BLEU-NATUNA,RGB,60,153,169,#3C99A9
Chromatic-Dorval-CH2-0700-BLEU-FLORES,RGB,18,125,149,#127D95
Chromatic-Dorval-CH2-0701-BLEU-KOMODO,RGB,110,201,209,#6EC9D1
Chromatic-Dorval-CH2-0702-BLEU-LAMBRO,RGB,82,189,187,#52BDBB
Chromatic-Dorval-CH2-0703-BLEU-SOLOR,RGB,68,177,183,#44B1B7
Chromatic-Dorval-CH2-0704-BLEU-SUMBA,RGB,0,155,165,#009BA5
Chromatic-Dorval-CH2-0705-BLEU-MALEKULA,RGB,0,133,147,#008593
Chromatic-Dorval-CH2-0706-VERT-LUXI,RGB,54,171,171,#36ABAB
Chromatic-Dorval-CH2-0707-VERT-BASKERVILLE,RGB,40,165,169,#28A5A9
Chromatic-Dorval-CH2-0708-VERT-EGERIA,RGB,0,155,151,#009B97
Chromatic-Dorval-CH2-0709-VERT-PARODIA,RGB,0,147,149,#009395
Chromatic-Dorval-CH2-0710-VERT-CONSTANTIA,RGB,0,135,139,#00878B
Chromatic-Dorval-CH2-0711-VERT-AMBAVILLE,RGB,139,213,205,#8BD5CD
Chromatic-Dorval-CH2-0712-VERT-PRIMA,RGB,119,201,193,#77C9C1
Chromatic-Dorval-CH2-0713-VERT-SKIA,RGB,115,201,199,#73C9C7
Chromatic-Dorval-CH2-0714-VERT-TREBUCHET,RGB,88,175,163,#58AFA3
Chromatic-Dorval-CH2-0715-VERT-HELVETICA,RGB,54,151,139,#36978B
Chromatic-Dorval-CH2-0716-VERT-BOOK,RGB,112,201,189,#70C9BD
Chromatic-Dorval-CH2-0717-VERT-TIMES,RGB,76,191,175,#4CBFAF
Chromatic-Dorval-CH2-0718-VERT-ROCKWELL,RGB,0,163,149,#00A395
Chromatic-Dorval-CH2-0719-VERT-ROMAN,RGB,0,155,153,#009B99
Chromatic-Dorval-CH2-0720-VERT-COOPER,RGB,0,149,133,#009585
Chromatic-Dorval-CH2-0721-VERT-FRANKLIN,RGB,88,175,163,#58AFA3
Chromatic-Dorval-CH2-0722-VERT-CONSOLAS,RGB,69,153,143,#45998F
Chromatic-Dorval-CH2-0723-VERT-CHICAGO,RGB,45,135,125,#2D877D
Chromatic-Dorval-CH2-0724-VERT-NAJAS,RGB,46,127,118,#2E7F76
Chromatic-Dorval-CH2-0725-VERT-BLYXA,RGB,23,108,104,#176C68
Chromatic-Dorval-CH2-0726-BLEU-MANCHE,RGB,126,175,181,#7EAFB5
Chromatic-Dorval-CH2-0727-BLEU-RIAU,RGB,98,131,129,#628381
Chromatic-Dorval-CH2-0728-VERT-PACIFICO,RGB,84,137,135,#548987
Chromatic-Dorval-CH2-0729-BLEU-MELVILLE,RGB,84,129,131,#548183
Chromatic-Dorval-CH2-0730-VERT-HOSTA,RGB,73,104,107,#49686B
Chromatic-Dorval-CH2-0731-BLEU-ESCAU,RGB,67,119,112,#437770
Chromatic-Dorval-CH2-0732-VERT-PIN,RGB,12,116,100,#0C7464
Chromatic-Dorval-CH2-0733-VERT-ESPY,RGB,46,97,84,#2E6154
Chromatic-Dorval-CH2-0734-VERT-LIERRE,RGB,40,80,77,#28504D
Chromatic-Dorval-CH2-0735-VERT-ARMERIE,RGB,55,84,81,#375451
Chromatic-Dorval-CH2-0736-VERT-ZAPFINO,RGB,74,110,95,#4A6E5F
Chromatic-Dorval-CH2-0737-VERT-CARDO,RGB,45,89,75,#2D594B
Chromatic-Dorval-CH2-0738-VERT-RONCE,RGB,57,85,77,#39554D
Chromatic-Dorval-CH2-0739-VERT-BIDARRAY,RGB,46,82,70,#2E5246
Chromatic-Dorval-CH2-0740-VERT-TIBET,RGB,57,69,68,#394544
Chromatic-Dorval-CH2-0741-VERT-COMIC,RGB,96,129,109,#60816D
Chromatic-Dorval-CH2-0742-VERT-ROTUNDA,RGB,56,111,85,#386F55
Chromatic-Dorval-CH2-0743-VERT-ATHAMANTA,RGB,36,91,64,#245B40
Chromatic-Dorval-CH2-0744-VERT-CLOTURE,RGB,38,89,70,#265946
Chromatic-Dorval-CH2-0745-VERT-KOCHI,RGB,46,84,72,#2E5448
Chromatic-Dorval-CH2-0746-VERT-MONA,RGB,101,161,101,#65A165
Chromatic-Dorval-CH2-0747-VERT-BANGALAY,RGB,77,131,78,#4D834E
Chromatic-Dorval-CH2-0748-VERT-BELOMBRA,RGB,30,117,74,#1E754A
Chromatic-Dorval-CH2-0749-VERT-CRESSON,RGB,33,123,88,#217B58
Chromatic-Dorval-CH2-0750-VERT-PORTOBELLO,RGB,54,94,65,#365E41
Chromatic-Dorval-CH2-0751-VERT-CHENE,RGB,153,185,149,#99B995
Chromatic-Dorval-CH2-0752-VERT-ARIAL,RGB,165,183,149,#A5B795
Chromatic-Dorval-CH2-0753-VERT-SIMSUN,RGB,135,163,139,#87A38B
Chromatic-Dorval-CH2-0754-VERT-CEVENNES,RGB,109,143,118,#6D8F76
Chromatic-Dorval-CH2-0755-VERT-ARUNDO,RGB,103,131,106,#67836A
Chromatic-Dorval-CH2-0756-VERT-WADALAB,RGB,155,175,141,#9BAF8D
Chromatic-Dorval-CH2-0757-VERT-TAMIER,RGB,135,167,121,#87A779
Chromatic-Dorval-CH2-0758-VERT-ROTALA,RGB,139,159,127,#8B9F7F
Chromatic-Dorval-CH2-0759-VERT-CAFEIER,RGB,109,143,99,#6D8F63
Chromatic-Dorval-CH2-0760-VERT-EVERSON,RGB,120,131,93,#78835D
Chromatic-Dorval-CH2-0761-VERT-CITRONNIER,RGB,171,185,147,#ABB993
Chromatic-Dorval-CH2-0762-VERT-ASTRANCE,RGB,126,151,97,#7E9761
Chromatic-Dorval-CH2-0763-VERT-KERMES,RGB,114,141,91,#728D5B
Chromatic-Dorval-CH2-0764-VERT-OLIVERAIE,RGB,81,116,73,#517449
Chromatic-Dorval-CH2-0765-VERT-JURA,RGB,76,107,78,#4C6B4E
Chromatic-Dorval-CH2-0766-VERT-TILLEUL,RGB,199,221,195,#C7DDC3
Chromatic-Dorval-CH2-0767-VERT-CARDERE,RGB,173,203,159,#ADCB9F
Chromatic-Dorval-CH2-0768-VERT-HANDEL,RGB,145,173,131,#91AD83
Chromatic-Dorval-CH2-0769-VERT-ASARET,RGB,127,169,115,#7FA973
Chromatic-Dorval-CH2-0770-VERT-ACROPERA,RGB,101,161,101,#65A165
Chromatic-Dorval-CH2-0771-VERT-CALIBRI,RGB,165,219,143,#A5DB8F
Chromatic-Dorval-CH2-0772-VERT-ATTIER,RGB,105,201,117,#69C975
Chromatic-Dorval-CH2-0773-VERT-BAUHAUS,RGB,116,189,120,#74BD78
Chromatic-Dorval-CH2-0774-VERT-KAHANA,RGB,67,171,98,#43AB62
Chromatic-Dorval-CH2-0775-VERT-INUIT,RGB,31,147,94,#1F935E
Chromatic-Dorval-CH2-0776-VERT-CORBEL,RGB,193,219,147,#C1DB93
Chromatic-Dorval-CH2-0777-VERT-FUTURA,RGB,175,215,117,#AFD775
Chromatic-Dorval-CH2-0778-VERT-GENEVA,RGB,145,197,103,#91C567
Chromatic-Dorval-CH2-0779-VERT-KABEL,RGB,111,171,72,#6FAB48
Chromatic-Dorval-CH2-0780-VERT-IMPACT,RGB,82,143,67,#528F43
Chromatic-Dorval-CH2-0781-VERT-ESSIA,RGB,213,227,157,#D5E39D
Chromatic-Dorval-CH2-0782-VERT-JOKERMAN,RGB,213,205,115,#D5CD73
Chromatic-Dorval-CH2-0783-VERT-WESTMINSTER,RGB,183,197,76,#B7C54C
Chromatic-Dorval-CH2-0784-VERT-KRISTEN,RGB,183,175,65,#B7AF41
Chromatic-Dorval-CH2-0785-VERT-SWISS,RGB,167,157,42,#A79D2A
Chromatic-Dorval-CH2-0786-VERT-AILANTE.psd,RGB,217,229,161,#D9E5A1
Chromatic-Dorval-CH2-0787-VERT-KOMBU,RGB,199,217,133,#C7D985
Chromatic-Dorval-CH2-0788-VERT-PLATANE,RGB,193,207,104,#C1CF68
Chromatic-Dorval-CH2-0789-VERT-WAKAME,RGB,183,197,76,#B7C54C
Chromatic-Dorval-CH2-0790-VERT-BULOKE,RGB,175,193,72,#AFC148
Chromatic-Dorval-CH2-0791-VERT-BOTRICHE,RGB,189,199,123,#BDC77B
Chromatic-Dorval-CH2-0792-VERT-CIRIER,RGB,159,175,90,#9FAF5A
Chromatic-Dorval-CH2-0793-VERT-OPTIMA,RGB,169,165,110,#A9A56E
Chromatic-Dorval-CH2-0794-VERT-CALAMENT,RGB,165,165,102,#A5A566
Chromatic-Dorval-CH2-0795-VERT-MYRIAD,RGB,129,141,78,#818D4E
Chromatic-Dorval-CH2-0796-VERT-GILL,RGB,157,151,124,#9D977C
Chromatic-Dorval-CH2-0797-VERT-KERUING,RGB,161,157,131,#A19D83
Chromatic-Dorval-CH2-0798-VERT-JUJUBIER,RGB,169,165,122,#A9A57A
Chromatic-Dorval-CH2-0799-VERT-UNIVERS,RGB,103,98,72,#676248
Chromatic-Dorval-CH2-0800-VERT-VERDANA,RGB,78,78,61,#4E4E3D
Chromatic-Dorval-CH2-0801-VERT-GASPESIE,RGB,177,177,151,#B1B197
Chromatic-Dorval-CH2-0802-VERT-CALGARY,RGB,157,159,127,#9D9F7F
Chromatic-Dorval-CH2-0803-VERT-KAKI,RGB,147,147,106,#93936A
Chromatic-Dorval-CH2-0804-VERT-SOPHORA,RGB,116,124,90,#747C5A
Chromatic-Dorval-CH2-0805-VERT-BEMBO,RGB,106,109,89,#6A6D59
Chromatic-Dorval-CH2-0806-VERT-BALDELLIA,RGB,189,193,147,#BDC193
Chromatic-Dorval-CH2-0807-VERT-ARISTATA,RGB,181,185,127,#B5B97F
Chromatic-Dorval-CH2-0808-VERT-ULLUCO,RGB,169,165,122,#A9A57A
Chromatic-Dorval-CH2-0809-VERT-TAHOMA,RGB,157,149,100,#9D9564
Chromatic-Dorval-CH2-0810-VERT-CALOPILE,RGB,151,153,107,#97996B
Chromatic-Dorval-CH2-0811-JAUNE-SABATIER,RGB,227,215,151,#E3D797
Chromatic-Dorval-CH2-0812-JAUNE-EGEDIUS,RGB,211,189,124,#D3BD7C
Chromatic-Dorval-CH2-0813-VERT-CAPULIN,RGB,195,189,131,#C3BD83
Chromatic-Dorval-CH2-0814-JAUNE-JACOBSEN,RGB,199,175,124,#C7AF7C
Chromatic-Dorval-CH2-0815-JAUNE-THAULOW,RGB,199,175,127,#C7AF7F
Chromatic-Dorval-CH2-0816-JAUNE-MUCHA,RGB,229,221,115,#E5DD73
Chromatic-Dorval-CH2-0817-JAUNE-BRAZ,RGB,235,207,74,#EBCF4A
Chromatic-Dorval-CH2-0818-VERT-CARYER,RGB,201,197,75,#C9C54B
Chromatic-Dorval-CH2-0819-VERT-ACER,RGB,199,173,84,#C7AD54
Chromatic-Dorval-CH2-0820-VERT-SYMBOL,RGB,171,153,61,#AB993D
Chromatic-Dorval-CH2-0821-JAUNE-ANGELICO,RGB,247,223,105,#F7DF69
Chromatic-Dorval-CH2-0822-JAUNE-REYNOLDS,RGB,241,205,66,#F1CD42
Chromatic-Dorval-CH2-0823-JAUNE-GRAF,RGB,241,199,78,#F1C74E
Chromatic-Dorval-CH2-0824-JAUNE-VALADON,RGB,215,191,22,#D7BF16
Chromatic-Dorval-CH2-0825-JAUNE-LISS,RGB,205,161,50,#CDA132
Chromatic-Dorval-CH2-0826-JAUNE-SINDING,RGB,239,225,149,#EFE195
Chromatic-Dorval-CH2-0827-JAUNE-MATEJKO,RGB,225,199,108,#E1C76C
Chromatic-Dorval-CH2-0828-JAUNE-PESKE,RGB,231,197,102,#E7C566
Chromatic-Dorval-CH2-0829-JAUNE-MAJORELLE,RGB,205,161,85,#CDA155
Chromatic-Dorval-CH2-0830-JAUNE-DOU,RGB,185,139,62,#B98B3E
Chromatic-Dorval-CH2-0831-JAUNE-LAVEAUX,RGB,241,211,120,#F1D378
Chromatic-Dorval-CH2-0832-JAUNE-MEHOFFER,RGB,243,205,100,#F3CD64
Chromatic-Dorval-CH2-0833-JAUNE-MERWAT,RGB,225,185,79,#E1B94F
Chromatic-Dorval-CH2-0834-JAUNE-MEMMI,RGB,225,165,38,#E1A526
Chromatic-Dorval-CH2-0835-JAUNE-DIDAY,RGB,207,159,61,#CF9F3D
Chromatic-Dorval-CH2-0836-JAUNE-DELVAUX,RGB,253,217,120,#FDD978
Chromatic-Dorval-CH2-0837-JAUNE-NIKI,RGB,239,191,109,#EFBF6D
Chromatic-Dorval-CH2-0838-JAUNE-CAILLEBOTTE,RGB,255,189,72,#FFBD48
Chromatic-Dorval-CH2-0839-JAUNE-BINGHAM,RGB,255,183,54,#FFB736
Chromatic-Dorval-CH2-0840-JAUNE-KANDINSKY,RGB,249,187,44,#F9BB2C
Chromatic-Dorval-CH2-0841-ORANGE-ANANAS,RGB,253,173,75,#FDAD4B
Chromatic-Dorval-CH2-0842-JAUNE-FRICERO,RGB,245,177,19,#F5B113
Chromatic-Dorval-CH2-0843-JAUNE-SEGUIN,RGB,241,161,8,#F1A108
Chromatic-Dorval-CH2-0844-JAUNE-ZIEM,RGB,209,147,41,#D19329
Chromatic-Dorval-CH2-0845-JAUNE-PROVIDENCE,RGB,219,153,46,#DB992E
Chromatic-Dorval-CH2-0846-ORANGE-CHAYOTE,RGB,245,161,66,#F5A142
Chromatic-Dorval-CH2-0847-ORANGE-GOSPEL,RGB,229,149,83,#E59553
Chromatic-Dorval-CH2-0848-OCRE-SALENTINA,RGB,215,133,75,#D7854B
Chromatic-Dorval-CH2-0849-ORANGE-FOLK,RGB,197,111,58,#C56F3A
Chromatic-Dorval-CH2-0850-ORANGE-OPERA,RGB,193,106,57,#C16A39
Chromatic-Dorval-CH2-0851-ORANGE-MELON,RGB,253,159,84,#FD9F54
Chromatic-Dorval-CH2-0852-ORANGE-ARENA,RGB,237,135,131,#ED8783
Chromatic-Dorval-CH2-0853-ORANGE-MUROISE,RGB,253,125,50,#FD7D32
Chromatic-Dorval-CH2-0854-ORANGE-FANFARE,RGB,231,125,60,#E77D3C
Chromatic-Dorval-CH2-0855-ORANGE-COLOQUINTE,RGB,231,105,49,#E76931
Chromatic-Dorval-CH2-0856-ORANGE-MARANG,RGB,253,157,81,#FD9D51
Chromatic-Dorval-CH2-0857-ORANGE-VALENCIA,RGB,237,131,69,#ED8345
Chromatic-Dorval-CH2-0858-ORANGE-POMELO,RGB,225,117,60,#E1753C
Chromatic-Dorval-CH2-0859-ORANGE-CHABADA,RGB,199,94,53,#C75E35
Chromatic-Dorval-CH2-0860-ORANGE-RAP,RGB,165,84,59,#A5543B
Chromatic-Dorval-CH2-0861-ORANGE-NASHI,RGB,239,123,92,#EF7B5C
Chromatic-Dorval-CH2-0862-ORANGE-CHORALE,RGB,219,113,86,#DB7156
Chromatic-Dorval-CH2-0863-ORANGE-MAKINA,RGB,213,96,62,#D5603E
Chromatic-Dorval-CH2-0864-ORANGE-CLUB,RGB,199,96,69,#C76045
Chromatic-Dorval-CH2-0865-ROUGE-CONDRIEU,RGB,183,81,62,#B7513E
Chromatic-Dorval-CH2-0866-OCRE-COLORADO,RGB,231,143,116,#E78F74
Chromatic-Dorval-CH2-0867-ORANGE-CAPPELLA,RGB,209,126,100,#D17E64
Chromatic-Dorval-CH2-0868-ORANGE-SWING,RGB,207,115,90,#CF735A
Chromatic-Dorval-CH2-0869-OCRE-OULA,RGB,201,113,88,#C97158
Chromatic-Dorval-CH2-0870-ORANGE-VERNIA,RGB,201,107,79,#C96B4F
Chromatic-Dorval-CH2-0871-ORANGE-MARGOSE,RGB,213,141,95,#D58D5F
Chromatic-Dorval-CH2-0872-GOLD-VENDEE,RGB,193,129,92,#C1815C
Chromatic-Dorval-CH2-0873-OCRE-KOUM,RGB,165,110,78,#A56E4E
Chromatic-Dorval-CH2-0874-MARRON-TON-BOIS,RGB,157,113,83,#9D7153
Chromatic-Dorval-CH2-0875-BRUN-THURINGE,RGB,127,98,72,#7F6248
Chromatic-Dorval-CH2-0876-MARRON-JUNIN.psd,RGB,167,120,89,#A77859
Chromatic-Dorval-CH2-0877-HAVANE-BALKANS,RGB,133,91,67,#855B43
Chromatic-Dorval-CH2-0878-MARRON-PAYS-DE-LOIRE,RGB,127,93,72,#7F5D48
Chromatic-Dorval-CH2-0879-MARRON-COMINO,RGB,115,84,67,#735443
Chromatic-Dorval-CH2-0880-MARRON-MEUSE,RGB,99,72,54,#634836
Chromatic-Dorval-CH2-0881-ROSE-MENUET,RGB,195,141,114,#C38D72
Chromatic-Dorval-CH2-0882-BRUN-VISO.psd,RGB,181,115,94,#B5735E
Chromatic-Dorval-CH2-0883-BRUN-ALASKA,RGB,169,115,91,#A9735B
Chromatic-Dorval-CH2-0884-BRUN-BOHEME.psd,RGB,131,80,60,#83503C
Chromatic-Dorval-CH2-0885-MARRON-BRENNER,RGB,119,81,64,#775140
Chromatic-Dorval-CH2-0886-MARRON-AUVERGNE,RGB,179,95,80,#B35F50
Chromatic-Dorval-CH2-0887-MARRON-FLANDRE,RGB,193,94,79,#C15E4F
Chromatic-Dorval-CH2-0888-ROUGE-MEURSAULT,RGB,169,79,65,#A94F41
Chromatic-Dorval-CH2-0889-BRUN-ADRAR,RGB,139,75,66,#8B4B42
Chromatic-Dorval-CH2-0890-ROUGE-MONASTRELL,RGB,120,67,63,#78433F
Chromatic-Dorval-CH2-0891-ROUGE-TELAVIE,RGB,217,129,114,#D98172
Chromatic-Dorval-CH2-0892-ROUGE-CHATEAUNEUF,RGB,193,96,90,#C1605A
Chromatic-Dorval-CH2-0893-ROUGE-CHIANTI,RGB,183,92,81,#B75C51
Chromatic-Dorval-CH2-0894-OCRE-SUCHET,RGB,157,85,75,#9D554B
Chromatic-Dorval-CH2-0895-OCRE-TOMETTE,RGB,151,94,87,#975E57
Chromatic-Dorval-CH2-0896-ROSE-BENOITE,RGB,185,117,97,#B97561
Chromatic-Dorval-CH2-0897-MARRON-LANDES,RGB,183,104,82,#B76852
Chromatic-Dorval-CH2-0898-MARRON-CASTILLE,RGB,171,100,86,#AB6456
Chromatic-Dorval-CH2-0899-MARRON-COTE-D-AZUR,RGB,167,89,73,#A75949
Chromatic-Dorval-CH2-0900-ROUGE-GAMAY,RGB,139,83,67,#8B5343
Chromatic-Dorval-CH2-0901-ROUGE-JOY,RGB,157,74,75,#9D4A4B
Chromatic-Dorval-CH2-0902-ROUGE-MORGON,RGB,141,64,62,#8D403E
Chromatic-Dorval-CH2-0903-ROUGE-ESTEREL,RGB,135,68,58,#87443A
Chromatic-Dorval-CH2-0904-ROUGE-BASQUE,RGB,127,69,60,#7F453C
Chromatic-Dorval-CH2-0905-MARRON-BAVIERE,RGB,111,55,48,#6F3730
Chromatic-Dorval-CH2-0906-ROUGE-BERGERAC,RGB,151,51,58,#97333A
Chromatic-Dorval-CH2-0907-ROUGE-SAINT-ESTEPHE,RGB,131,60,62,#833C3E
Chromatic-Dorval-CH2-0908-ROUGE-FRONSAC,RGB,126,56,63,#7E383F
Chromatic-Dorval-CH2-0909-ROUGE-MARGAUX,RGB,125,54,60,#7D363C
Chromatic-Dorval-CH2-0910-ROUGE-SYRA,RGB,82,53,53,#523535
Chromatic-Dorval-CH2-0911-BRUN-ROMAGNE,RGB,126,65,61,#7E413D
Chromatic-Dorval-CH2-0912-BRUN-OLYMPE,RGB,113,68,65,#714441
Chromatic-Dorval-CH2-0913-ROUGE-BAYONNE,RGB,111,67,63,#6F433F
Chromatic-Dorval-CH2-0914-ROUGE-BAIGORRY,RGB,113,65,63,#71413F
Chromatic-Dorval-CH2-0915-MARRON-RHONE,RGB,82,61,53,#523D35
Chromatic-Dorval-CH2-0916-ROSE-CORYDALE,RGB,175,116,107,#AF746B
Chromatic-Dorval-CH2-0917-GOLD-BAUGES,RGB,157,106,97,#9D6A61
Chromatic-Dorval-CH2-0918-ROSE-BOIS-GENTIL,RGB,149,99,93,#95635D
Chromatic-Dorval-CH2-0919-ROSE-NARCISSE,RGB,143,86,87,#8F5657
Chromatic-Dorval-CH2-0920-OCRE-THAR,RGB,135,78,78,#874E4E
Chromatic-Dorval-CH2-0921-GOLD-CENTRE,RGB,143,102,93,#8F665D
Chromatic-Dorval-CH2-0922-BRUN-BOURBONNAIS,RGB,137,94,85,#895E55
Chromatic-Dorval-CH2-0923-GOLD-BRETAGNE,RGB,131,85,76,#83554C
Chromatic-Dorval-CH2-0924-BRUN-TROMS,RGB,122,81,76,#7A514C
Chromatic-Dorval-CH2-0925-BRUN-ANETO,RGB,103,75,74,#674B4A
Chromatic-Dorval-CH2-0926-BRUN-MIDI,RGB,173,145,139,#AD918B
Chromatic-Dorval-CH2-0927-BEIGE-CRIMEE,RGB,151,124,115,#977C73
Chromatic-Dorval-CH2-0928-BRUN-MANITOBA,RGB,151,122,121,#977A79
Chromatic-Dorval-CH2-0929-BRUN-FUJI,RGB,137,106,102,#896A66
Chromatic-Dorval-CH2-0930-MARRON-ALPES,RGB,124,90,82,#7C5A52
Chromatic-Dorval-CH2-0931-MARRON-ARAGON,RGB,117,97,88,#756158
Chromatic-Dorval-CH2-0932-MARRON-PROVENCE,RGB,98,79,69,#624F45
Chromatic-Dorval-CH2-0933-MARRON-SARTHE,RGB,86,68,61,#56443D
Chromatic-Dorval-CH2-0934-MARRON-INDRE,RGB,77,65,62,#4D413E
Chromatic-Dorval-CH2-0935-MARRON-OSLO,RGB,72,67,66,#484342
Chromatic-Dorval-CH2-0936-MARRON-TARN,RGB,139,121,115,#8B7973
Chromatic-Dorval-CH2-0937-MARRON-AVEYRON,RGB,123,103,97,#7B6761
Chromatic-Dorval-CH2-0938-BRUN-BARONNIES,RGB,105,86,82,#695652
Chromatic-Dorval-CH2-0939-BRUN-MARY,RGB,94,89,79,#5E594F
Chromatic-Dorval-CH2-0940-MARRON-CHATAIGNE,RGB,90,68,62,#5A443E
Chromatic-Dorval-CH2-0941-MARRON-THESSALIE,RGB,147,122,108,#937A6C
Chromatic-Dorval-CH2-0942-MARRON-SAXE,RGB,143,112,95,#8F705F
Chromatic-Dorval-CH2-0943-MARRON-DOLOMITE,RGB,129,101,85,#816555
Chromatic-Dorval-CH2-0944-MARRON-PERCHE,RGB,124,93,74,#7C5D4A
Chromatic-Dorval-CH2-0945-MARRON-GOA,RGB,101,80,62,#65503E
Chromatic-Dorval-CH2-0946-BEIGE-OPALE,RGB,215,203,195,#D7CBC3
Chromatic-Dorval-CH2-0947-ROSE-NIVEOLE,RGB,209,191,183,#D1BFB7
Chromatic-Dorval-CH2-0948-BRUN-VENETIE,RGB,185,163,149,#B9A395
Chromatic-Dorval-CH2-0949-BRUN-SICILE,RGB,175,155,145,#AF9B91
Chromatic-Dorval-CH2-0950-ROSE-PLANTAGO,RGB,189,157,147,#BD9D93
Chromatic-Dorval-CH2-0951-ROSE-ZOUK,RGB,229,221,221,#E5DDDD
Chromatic-Dorval-CH2-0952-ROSE-PILOSELLE,RGB,189,177,175,#BDB1AF
Chromatic-Dorval-CH2-0953-GRIS-BANGKOK,RGB,185,177,179,#B9B1B3
Chromatic-Dorval-CH2-0954-BRUN-POUILLES,RGB,167,155,151,#A79B97
Chromatic-Dorval-CH2-0955-BRUN-TAUPE,RGB,165,149,143,#A5958F
Chromatic-Dorval-CH2-0956-BEIGE-LUNTU,RGB,215,209,207,#D7D1CF
Chromatic-Dorval-CH2-0957-ROSE-PEPINO,RGB,203,189,183,#CBBDB7
Chromatic-Dorval-CH2-0958-ROSE-GAGEE,RGB,207,191,189,#CFBFBD
Chromatic-Dorval-CH2-0959-ROSE-JACEE,RGB,195,175,175,#C3AFAF
Chromatic-Dorval-CH2-0960-ROSE-LUNAIRE,RGB,185,169,169,#B9A9A9
Chromatic-Dorval-CH2-0961-BRUN-VALAIS,RGB,197,167,143,#C5A78F
Chromatic-Dorval-CH2-0962-BRUN-CERVIN,RGB,185,149,127,#B9957F
Chromatic-Dorval-CH2-0963-OCRE-SIMPSON,RGB,167,131,107,#A7836B
Chromatic-Dorval-CH2-0964-BRUN-TYROL,RGB,145,118,98,#917662
Chromatic-Dorval-CH2-0965-BRUN-ALGARVE,RGB,151,119,100,#977764
Chromatic-Dorval-CH2-0966-BEIGE-PLAGE,RGB,191,167,141,#BFA78D
Chromatic-Dorval-CH2-0967-BEIGE-PERLITE,RGB,173,147,124,#AD937C
Chromatic-Dorval-CH2-0968-BEIGE-CASTINE,RGB,169,145,121,#A99179
Chromatic-Dorval-CH2-0969-BRUN-VADUZ,RGB,149,125,102,#957D66
Chromatic-Dorval-CH2-0970-BRUN-TOUR-EIFFEL,RGB,119,98,82,#776252
Chromatic-Dorval-CH2-0971-BEIGE-SILICE,RGB,215,197,171,#D7C5AB
Chromatic-Dorval-CH2-0972-BEIGE-AKAN,RGB,209,189,169,#D1BDA9
Chromatic-Dorval-CH2-0973-BEIGE-SABLON,RGB,205,183,155,#CDB79B
Chromatic-Dorval-CH2-0974-BEIGE-CAILLOUX,RGB,205,185,163,#CDB9A3
Chromatic-Dorval-CH2-0975-BEIGE-BAMANA,RGB,187,167,147,#BBA793
Chromatic-Dorval-CH2-0976-BEIGE-FELDSPATH,RGB,215,191,163,#D7BFA3
Chromatic-Dorval-CH2-0977-BEIGE-FANGS,RGB,221,189,149,#DDBD95
Chromatic-Dorval-CH2-0978-BEIGE-DOUALA,RGB,189,153,122,#BD997A
Chromatic-Dorval-CH2-0979-BEIGE-BOYELA,RGB,185,157,129,#B99D81
Chromatic-Dorval-CH2-0980-BEIGE-AJA,RGB,177,149,120,#B19578
Chromatic-Dorval-CH2-0981-BEIGE-ALBATRE,RGB,197,177,147,#C5B193
Chromatic-Dorval-CH2-0982-BEIGE-MAU,RGB,195,171,139,#C3AB8B
Chromatic-Dorval-CH2-0983-BRUN-PICO,RGB,175,145,117,#AF9175
Chromatic-Dorval-CH2-0984-BRUN-VERCORS,RGB,167,141,105,#A78D69
Chromatic-Dorval-CH2-0985-BRUN-ORANIE,RGB,147,125,99,#937D63
Chromatic-Dorval-CH2-0986-BEIGE-BOLIA,RGB,211,187,149,#D3BB95
Chromatic-Dorval-CH2-0987-BEIGE-TENDA,RGB,207,179,131,#CFB383
Chromatic-Dorval-CH2-0988-BEIGE-TOPAZE,RGB,203,185,145,#CBB991
Chromatic-Dorval-CH2-0989-BEIGE-TAWANA,RGB,191,161,118,#BFA176
Chromatic-Dorval-CH2-0990-BEIGE-TADRART,RGB,199,169,124,#C7A97C
Chromatic-Dorval-CH2-0991-BEIGE-CARRARE,RGB,187,177,153,#BBB199
Chromatic-Dorval-CH2-0992-BEIGE-CACHEMIRE,RGB,183,167,143,#B7A78F
Chromatic-Dorval-CH2-0993-BEIGE-PEUL,RGB,163,149,120,#A39578
Chromatic-Dorval-CH2-0994-BRUN-NAIRN,RGB,157,139,107,#9D8B6B
Chromatic-Dorval-CH2-0995-BEIGE-ZOULOU,RGB,135,122,95,#877A5F
Chromatic-Dorval-CH2-0996-BRUN-GALICE,RGB,181,173,155,#B5AD9B
Chromatic-Dorval-CH2-0997-BRUN-ASTURIE,RGB,161,153,137,#A19989
Chromatic-Dorval-CH2-0998-BRUN-CASTILLE,RGB,145,135,123,#91877B
Chromatic-Dorval-CH2-0999-BRUN-LIGURIE,RGB,153,139,121,#998B79
Chromatic-Dorval-CH2-1000-BRUN-LOTHIAN,RGB,139,122,103,#8B7A67
Chromatic-Dorval-CH2-1001-BEIGE-KAOLIN,RGB,185,179,169,#B9B3A9
Chromatic-Dorval-CH2-1002-BRUN-LOZERE,RGB,169,159,147,#A99F93
Chromatic-Dorval-CH2-1003-BRUN-CANTAL,RGB,161,151,135,#A19787
Chromatic-Dorval-CH2-1004-BRUN-ASSOUAN,RGB,167,155,137,#A79B89
Chromatic-Dorval-CH2-1005-GRIS-MEXICO,RGB,161,153,137,#A19989
Chromatic-Dorval-CH2-1006-GRIS-RANGOON,RGB,191,183,169,#BFB7A9
Chromatic-Dorval-CH2-1007-BEIGE-KIKUYU,RGB,177,165,145,#B1A591
Chromatic-Dorval-CH2-1008-BEIGE-LIAIS,RGB,177,163,143,#B1A38F
Chromatic-Dorval-CH2-1009-BEIGE-PAESINA,RGB,175,161,139,#AFA18B
Chromatic-Dorval-CH2-1010-BEIGE-CORINDON,RGB,159,143,121,#9F8F79
Chromatic-Dorval-CH2-1011-BEIGE-BANTOU,RGB,223,219,215,#DFDBD7
Chromatic-Dorval-CH2-1012-BLANC-FLUMET,RGB,235,235,227,#EBEBE3
Chromatic-Dorval-CH2-1013-GRIS-COUPE,RGB,209,205,197,#D1CDC5
Chromatic-Dorval-CH2-1014-BEIGE-PIERRE-DE-LUNE,RGB,195,189,177,#C3BDB1
Chromatic-Dorval-CH2-1015-BEIGE-WES,RGB,211,201,185,#D3C9B9
Chromatic-Dorval-CH2-1016-BEIGE-CIMENT,RGB,211,205,193,#D3CDC1
Chromatic-Dorval-CH2-1017-BEIGE-KYANITE,RGB,199,191,171,#C7BFAB
Chromatic-Dorval-CH2-1018-BRUN-AMAPA,RGB,209,201,187,#D1C9BB
Chromatic-Dorval-CH2-1019-POIVRE-DE-SICHUAN,RGB,193,187,183,#C1BBB7
Chromatic-Dorval-CH2-1020-BATON-DE-REGLISSE,RGB,169,157,149,#A99D95
Chromatic-Dorval-CH2-1021-BEIGE-SEDIMENT,RGB,221,213,201,#DDD5C9
Chromatic-Dorval-CH2-1022-GRIS-PETIT-CHEVAL,RGB,205,197,185,#CDC5B9
Chromatic-Dorval-CH2-1023-BEIGE-TOMA,RGB,211,203,193,#D3CBC1
Chromatic-Dorval-CH2-1024-BEIGE-ZELA,RGB,193,177,167,#C1B1A7
Chromatic-Dorval-CH2-1025-BEIGE-ADELE,RGB,173,151,141,#AD978D
Chromatic-Dorval-CH2-1026-GRIS-ANTLIA,RGB,201,193,187,#C9C1BB
Chromatic-Dorval-CH2-1027-GRIS-LUMIERE,RGB,193,187,183,#C1BBB7
Chromatic-Dorval-CH2-1028-GRIS-VOLANS,RGB,181,175,171,#B5AFAB
Chromatic-Dorval-CH2-1029-GRIS-URBAIN,RGB,163,161,157,#A3A19D
Chromatic-Dorval-CH2-1030-GRIS-ASMARA,RGB,143,141,139,#8F8D8B
Chromatic-Dorval-CH2-1031-BEIGE-CAFE-AU-LAIT,RGB,221,209,197,#DDD1C5
Chromatic-Dorval-CH2-1032-BEIGE-DJERMA,RGB,225,219,209,#E1DBD1
Chromatic-Dorval-CH2-1033-BEIGE-PADOUE,RGB,211,201,193,#D3C9C1
Chromatic-Dorval-CH2-1034-BEIGE-KANURI,RGB,207,199,195,#CFC7C3
Chromatic-Dorval-CH2-1035-BEIGE-LUBA,RGB,209,207,199,#D1CFC7
Chromatic-Dorval-CH2-1036-BEIGE-SCAPOLITE,RGB,179,167,155,#B3A79B
Chromatic-Dorval-CH2-1037-BRUN-SONORA,RGB,185,175,163,#B9AFA3
Chromatic-Dorval-CH2-1038-BRUN-DURANGON,RGB,161,155,143,#A19B8F
Chromatic-Dorval-CH2-1039-BRUN-JALISCO,RGB,143,135,126,#8F877E
Chromatic-Dorval-CH2-1040-BRUN-ELIAS,RGB,125,114,106,#7D726A
Chromatic-Dorval-CH2-1041-BRUN-SHETLAND,RGB,167,153,141,#A7998D
Chromatic-Dorval-CH2-1042-BEIGE-GALENE,RGB,157,143,129,#9D8F81
Chromatic-Dorval-CH2-1043-BRUN-NAMUR,RGB,147,133,126,#93857E
Chromatic-Dorval-CH2-1044-MARRON-CANARI,RGB,127,108,97,#7F6C61
Chromatic-Dorval-CH2-1045-BRUN-DALMATE,RGB,126,117,107,#7E756B
Chromatic-Dorval-CH2-1046-GRIS-RABAT,RGB,125,119,105,#7D7769
Chromatic-Dorval-CH2-1047-BRUN-PESCARA,RGB,102,96,88,#666058
Chromatic-Dorval-CH2-1048-BRUN-YUCATAN,RGB,98,89,80,#625950
Chromatic-Dorval-CH2-1049-BRUN-VIGNEMALE,RGB,76,67,62,#4C433E
Chromatic-Dorval-CH2-1050-BRUN-IPARLA,RGB,69,65,62,#45413E
Chromatic-Dorval-CH2-1051-BRUN-FITCH,RGB,137,129,129,#898181
Chromatic-Dorval-CH2-1052-BRUN-JAYA,RGB,100,91,91,#645B5B
Chromatic-Dorval-CH2-1053-BRUN-NORMAND,RGB,78,73,73,#4E4949
Chromatic-Dorval-CH2-1054-GRIS-EREVAN,RGB,78,73,72,#4E4948
Chromatic-Dorval-CH2-1055-GRIS-ISTAMBUL,RGB,64,63,61,#403F3D
Chromatic-Dorval-CH2-1056-GRIS-BRATISLAVA,RGB,155,151,149,#9B9795
Chromatic-Dorval-CH2-1057-GRIS-NIMBUS,RGB,131,125,124,#837D7C
Chromatic-Dorval-CH2-1058-GRIS-POLARIS,RGB,127,124,124,#7F7C7C
Chromatic-Dorval-CH2-1059-BRUN-CATALOGNE,RGB,112,106,106,#706A6A
Chromatic-Dorval-CH2-1060-GRIS-HELSINKI,RGB,95,94,94,#5F5E5E
Chromatic-Dorval-CH2-1061-GRIS-DAUPHIN,RGB,157,155,161,#9D9BA1
Chromatic-Dorval-CH2-1062-GRIS-MINERAI,RGB,151,149,157,#97959D
Chromatic-Dorval-CH2-1063-GRIS-COLOMBO,RGB,135,137,143,#87898F
Chromatic-Dorval-CH2-1064-GRIS-COTONOU,RGB,92,95,99,#5C5F63
Chromatic-Dorval-CH2-1065-BRUN-MILLEVACHES,RGB,80,72,75,#50484B
Chromatic-Dorval-CH2-1066-GRIS-LISBONNE,RGB,199,201,207,#C7C9CF
Chromatic-Dorval-CH2-1067-GRIS-LONDRES,RGB,177,179,185,#B1B3B9
Chromatic-Dorval-CH2-1068-GRIS-DUBLIN,RGB,135,137,143,#87898F
Chromatic-Dorval-CH2-1069-GRIS-AMSTERDAM,RGB,116,117,123,#74757B
Chromatic-Dorval-CH2-1070-GRIS-PEKIN,RGB,92,95,99,#5C5F63
Chromatic-Dorval-CH2-1071-GRIS-ECU,RGB,151,147,143,#97938F
Chromatic-Dorval-CH2-1072-GRIS-COPENHAGUE,RGB,127,126,124,#7F7E7C
Chromatic-Dorval-CH2-1073-GRIS-STOCKHOLM,RGB,106,106,105,#6A6A69
Chromatic-Dorval-CH2-1074-GRIS-DILI,RGB,91,95,94,#5B5F5E
Chromatic-Dorval-CH2-1075-MARRON-MIDDLAND,RGB,81,82,80,#515250
Chromatic-Dorval-CH2-1076-GRIS-OUESSANT,RGB,167,167,167,#A7A7A7
Chromatic-Dorval-CH2-1077-GRIS-STRATUS,RGB,165,161,159,#A5A19F
Chromatic-Dorval-CH2-1078-GRIS-DORADE,RGB,155,153,153,#9B9999
Chromatic-Dorval-CH2-1079-GRIS-HEMATITE,RGB,145,141,141,#918D8D
Chromatic-Dorval-CH2-1080-GRIS-GRANIT,RGB,135,133,131,#878583
Chromatic-Dorval-CH2-1081-GRIS-CHROME,RGB,183,181,181,#B7B5B5
Chromatic-Dorval-CH2-1082-GRIS-YAREN,RGB,185,181,179,#B9B5B3
Chromatic-Dorval-CH2-1083-GRIS-MALE,RGB,171,171,169,#ABABA9
Chromatic-Dorval-CH2-1084-GRIS-BELMOPAN,RGB,129,129,127,#81817F
Chromatic-Dorval-CH2-1085-GRIS-BOMBAY,RGB,115,112,107,#73706B
Chromatic-Dorval-CH2-1086-GRIS-AUSTRALE,RGB,197,197,195,#C5C5C3
Chromatic-Dorval-CH2-1087-GRIS-CAIRE,RGB,175,173,169,#AFADA9
Chromatic-Dorval-CH2-1088-GRIS-ARGENT,RGB,169,169,167,#A9A9A7
Chromatic-Dorval-CH2-1089-GRIS-KAMPALA,RGB,159,165,167,#9FA5A7
Chromatic-Dorval-CH2-1090-GRIS-DAMAS,RGB,161,159,157,#A19F9D
Chromatic-Dorval-CH2-1091-GRIS-GALET,RGB,157,161,163,#9DA1A3
Chromatic-Dorval-CH2-1092-GRIS-ALGER,RGB,145,145,145,#919191
Chromatic-Dorval-CH2-1093-GRIS-CASTOR,RGB,139,143,143,#8B8F8F
Chromatic-Dorval-CH2-1094-GRIS-MADRID,RGB,102,108,112,#666C70
Chromatic-Dorval-CH2-1095-GRIS-ROME,RGB,83,87,90,#53575A
Chromatic-Dorval-CH2-1096-GRIS-SILICIUM,RGB,171,169,163,#ABA9A3
Chromatic-Dorval-CH2-1097-GRIS-VOLGA,RGB,129,129,125,#81817D
Chromatic-Dorval-CH2-1098-GRIS-CASSIOPEE,RGB,111,108,100,#6F6C64
Chromatic-Dorval-CH2-1099-GRIS-PRISTINA,RGB,104,105,103,#686967
Chromatic-Dorval-CH2-1100-GRIS-BELGRADE,RGB,90,89,84,#5A5954
Chromatic-Dorval-CH2-1101-GRIS-DAKAR,RGB,141,143,143,#8D8F8F
Chromatic-Dorval-CH2-1102-GRIS-ARDOISE,RGB,126,127,129,#7E7F81
Chromatic-Dorval-CH2-1103-GRIS-LUBECK,RGB,107,108,111,#6B6C6F
Chromatic-Dorval-CH2-1104-GRIS-TOKYO,RGB,69,73,78,#45494E
Chromatic-Dorval-CH2-1105-GRIS-BRASILIA,RGB,58,58,58,#3A3A3A
Chromatic-Dorval-CH2-1106-GRIS-LEPUS,RGB,88,92,95,#585C5F
Chromatic-Dorval-CH2-1107-GRIS-ALGOL,RGB,84,88,91,#54585B
Chromatic-Dorval-CH2-1108-GRIS-ANTHRACITE,RGB,70,75,78,#464B4E
Chromatic-Dorval-CH2-1109-GRIS-PERSEE,RGB,70,73,75,#46494B
Chromatic-Dorval-CH2-1110-NOIR-HOUVERT,RGB,61,62,62,#3D3E3E
Chromatic-Dorval-CH2-1111-GRIS-PRAGUES,RGB,131,143,151,#838F97
Chromatic-Dorval-CH2-1112-GRIS-ATHENES,RGB,123,129,135,#7B8187
Chromatic-Dorval-CH2-1113-GRIS-OCTANT,RGB,101,107,115,#656B73
Chromatic-Dorval-CH2-1114-GRIS-ODESSA,RGB,91,96,102,#5B6066
Chromatic-Dorval-CH2-1115-GRIS-BETON,RGB,89,93,97,#595D61
Chromatic-Dorval-CH2-1116-GRIS-RIGA,RGB,102,112,124,#66707C
Chromatic-Dorval-CH2-1117-GRIS-VILNIUS.psd,RGB,79,87,100,#4F5764
Chromatic-Dorval-CH2-1118-NOIR-JONONE,RGB,71,77,89,#474D59
Chromatic-Dorval-CH2-1119-BLEU-DAVIS,RGB,70,72,83,#464853
Chromatic-Dorval-CH2-1120-NOIR-DORVAL,RGB,63,68,73,#3F4449
Chromatic-Dorval-CH2-1121-GRIS-BERLIN,RGB,169,179,189,#A9B3BD
Chromatic-Dorval-CH2-1122-GRIS-GIRAPHE,RGB,161,163,171,#A1A3AB
Chromatic-Dorval-CH2-1123-GRIS-VARSOVIE,RGB,143,153,163,#8F99A3
Chromatic-Dorval-CH2-1124-GRIS-BUDAPEST,RGB,123,131,143,#7B838F
Chromatic-Dorval-CH2-1125-GRIS-CEMENTITE,RGB,94,100,111,#5E646F
Chromatic-Dorval-CH2-1126-GRIS-BOUSSOLE,RGB,189,191,195,#BDBFC3
Chromatic-Dorval-CH2-1127-GRIS-FOURNEAU,RGB,165,171,175,#A5ABAF
Chromatic-Dorval-CH2-1128-GRIS-TAUREAU,RGB,139,147,153,#8B9399
Chromatic-Dorval-CH2-1129-GRIS-LEMAN.psd,RGB,131,141,145,#838D91
Chromatic-Dorval-CH2-1130-GRIS-PAON,RGB,121,127,135,#797F87
Chromatic-Dorval-CH2-1131-GRIS-TELESCOPE,RGB,203,205,209,#CBCDD1
Chromatic-Dorval-CH2-1132-GRIS-LEZARD,RGB,203,207,209,#CBCFD1
Chromatic-Dorval-CH2-1133-GRIS-GRAPHITE,RGB,197,203,201,#C5CBC9
Chromatic-Dorval-CH2-1134-GRIS-LUNE,RGB,189,195,197,#BDC3C5
Chromatic-Dorval-CH2-1135-GRIS-WINDSOR,RGB,175,183,187,#AFB7BB
Chromatic-Dorval-CH2-1136-GRIS-SIRIUS,RGB,175,181,181,#AFB5B5
Chromatic-Dorval-CH2-1137-GRIS-PLATINE,RGB,153,159,161,#999FA1
Chromatic-Dorval-CH2-1138-GRIS-Luxembourg,RGB,129,141,145,#818D91
Chromatic-Dorval-CH2-1139-GRIS-ZINC,RGB,127,137,139,#7F898B
Chromatic-Dorval-CH2-1140-GRIS-LOFT,RGB,129,137,141,#81898D
Chromatic-Dorval-CH2-1141-VERT-TELEMARK,RGB,181,189,175,#B5BDAF
Chromatic-Dorval-CH2-1142-VERT-FICUS,RGB,163,173,161,#A3ADA1
Chromatic-Dorval-CH2-1143-VERT-NOBILE,RGB,135,149,137,#879589
Chromatic-Dorval-CH2-1144-VERT-GALANE.psd,RGB,105,112,106,#69706A
Chromatic-Dorval-CH2-1145-GRIS-TAUNUS,RGB,100,111,106,#646F6A
Chromatic-Dorval-CH2-1146-GRIS-GEMINI,RGB,203,203,193,#CBCBC1
Chromatic-Dorval-CH2-1147-VERT-BOURRACHE,RGB,175,173,157,#AFAD9D
Chromatic-Dorval-CH2-1148-GRIS-MISSOURI,RGB,157,153,139,#9D998B
Chromatic-Dorval-CH2-1149-OMBRE-PELVOUX,RGB,118,116,99,#767463
Chromatic-Dorval-CH2-1150-GRIS-BANGUI,RGB,116,113,105,#747169
Chromatic-Dorval-CH2-1151-GRIS-LOME,RGB,207,211,207,#CFD3CF
Chromatic-Dorval-CH2-1152-GRIS-FLECHE,RGB,191,189,181,#BFBDB5
Chromatic-Dorval-CH2-1153-GRIS-MAPUTO,RGB,187,181,171,#BBB5AB
Chromatic-Dorval-CH2-1154-GRIS-AMMAN,RGB,171,167,157,#ABA79D
Chromatic-Dorval-CH2-1155-GRIS-SANTIAGO,RGB,167,157,141,#A79D8D
Chromatic-Dorval-CH2-1156-GRIS-BAMAKO.psd,RGB,211,211,209,#D3D3D1
Chromatic-Dorval-CH2-1157-GRIS-TUNIS,RGB,211,207,199,#D3CFC7
Chromatic-Dorval-CH2-1158-GRIS-MAINTENON,RGB,203,199,185,#CBC7B9
Chromatic-Dorval-CH2-1159-VERT-BAMBOU,RGB,191,189,179,#BFBDB3
Chromatic-Dorval-CH2-1160-GRIS-VEZELAY,RGB,185,183,171,#B9B7AB
Chromatic-Dorval-CH2-1161-BEIGE-GLAISE,RGB,221,213,199,#DDD5C7
Chromatic-Dorval-CH2-1162-BEIGE-BRECHE,RGB,215,207,193,#D7CFC1
Chromatic-Dorval-CH2-1163-GRIS-ERIDAN,RGB,207,205,193,#CFCDC1
Chromatic-Dorval-CH2-1164-BEIGE-GRAVIER,RGB,205,201,189,#CDC9BD
Chromatic-Dorval-CH2-1165-BRUN-MURCIE,RGB,203,197,179,#CBC5B3
Chromatic-Dorval-CH2-1166-GRIS-BELIER,RGB,221,223,211,#DDDFD3
Chromatic-Dorval-CH2-1167-GRIS-SCULPTURE,RGB,223,223,211,#DFDFD3
Chromatic-Dorval-CH2-1168-GRIS-CENTAURE,RGB,213,213,201,#D5D5C9
Chromatic-Dorval-CH2-1169-BLANC-TERRE-NEUVE,RGB,215,215,203,#D7D7CB
Chromatic-Dorval-CH2-1170-GRIS-VERSAILLES,RGB,215,215,207,#D7D7CF
